wallet,credit_score,repay_to_borrow_ratio,liquidation_ratio,net_flow_usd,token_diversity,active_days,credit_tier
0xab50dd1c57938218627df2311ef65b4e2e84af48,100.0,0.0,0.0,1932267655.790625,2,38,Tier 1
0xb99cc7e10fe0acc68c50c7829f473d81e23249cc,89.5741897857376,0.0,0.0,663194807.682431,5,790,Tier 1
0xd275e5cb559d6dc236a5f8002a5f0b4c8e610701,80.39438178944553,0.0,0.0,1118951387.105711,4,238,Tier 1
0xd4bb298f935cdfa7eb5e363d168f838bb65cdff4,79.6525116193951,0.0,0.0,1262840275.101015,3,183,Tier 1
0x0f1dfef1a40557d279d0de6e49ab306891a638b8,78.04302506705618,0.0,0.0,1024145020.4624966,4,285,Tier 1
0x8888882f8f843896699869179fb6e4f7e3b58888,69.78229826761823,0.0,0.0,269204057.0596071,7,558,Tier 3
0xabde2f02fe84e083e1920471b54c3612456365ef,67.43485835627587,0.0,0.0,296127849.6454099,5,696,Tier 3
0x5bdb04e9c760123f40512ee46b672577c0bd4905,62.69388471056456,0.0,0.0,2284423.6160630235,6,788,Tier 3
0x4dd20498457b967dc5e79efd5020d9f0fb0b0eb0,61.50383391526678,0.0,0.0,141197611.83542988,6,621,Tier 3
0x995a09ed0b24ee13fbfcfbe60cad2fb6281b479f,61.4249246622213,0.0,0.0,52376405.10847586,6,710,Tier 3
0x7e6f6621388047c8a481d963210b514dbd5ea1b9,60.21849304564637,0.0,0.0,19519279.434799757,6,718,Tier 3
0x6ce8095a692aff6698c3aa8593be3976b6b8743d,57.398735779292,0.0,0.0,1782663.365978284,5,784,Tier 3
0x8227dd709351e569cc9890b1eba3a294d7886d18,56.56346634297479,0.0,0.0,3.7360267522309547,12,15,Tier 2
0xecd02810db92ff027ea1b0850d46bda963676d74,56.4217626681029,0.0,0.0,8.0280996344,12,12,Tier 2
0x4201a38615ec7d1f57df6143e7a7ed82dd7a8ee4,56.04480684555105,0.0,0.0,2111901.818259499,5,755,Tier 3
0xbd91ed15a05372a1fa9f9dc472c7506ae946fd8b,55.99665064979222,0.0,0.0,0.295983907122,12,3,Tier 2
0x2e3bd4e33281ec73b88233ab5f8b0e52a8d6f913,55.52017292878685,0.0,0.0,47900.08082145715,5,746,Tier 3
0xe692840875b84bffc7402bd199d615d7af57e1cd,54.508760431566714,0.0,0.0,44538.94118668316,6,617,Tier 3
0xba19dce4e43fe16671d81b10d6f823d22032b6e2,54.206989069137116,0.0,0.0,242551.0797037558,5,718,Tier 3
0x806cf73a306948f0f849d56c1b835fe8eb5b26ba,52.4261423055694,0.0,0.0,1.7918728227,11,35,Tier 2
0x51a93fe2d844e1df7a9299e68517e222efebcbfa,52.28840771304214,0.0,0.0,37793.82961034578,6,570,Tier 3
0x059793939effe3cd98edaffad580abc181b1a96b,52.01928835137429,0.0,0.0,512232.04569708946,4,779,Tier 3
0x2796cabe1b6c1f7756c55436c793094ca6e8339b,51.97430352224516,0.0,0.0,1538494.1951950423,4,777,Tier 3
0x173ac361f92f8ba8bd42efeb46c1edff36111a07,51.86240511517182,0.0,0.0,197425.98872529558,4,776,Tier 3
0x5fa07227d05774c2ff11c2425919d14225a38dbb,51.384244141318966,0.0,0.0,477581.1911884409,5,658,Tier 3
0x692eed821c68105b4183a0fb45b04276b6b4b04b,51.37057068327474,0.0,0.0,772862.5991005532,4,765,Tier 3
0x5d036ce9f8a9d931862c51e91a1a39d747ef34c7,49.67141758675796,0.0,0.0,4139245.2724757185,5,618,Tier 3
0x150038e658adfab5f9ffc2a3daa247cddca8f94c,49.35690413157429,0.0,0.0,154584.45466790462,4,723,Tier 3
0x702a39a9d7d84c6b269efaa024dff4037499bba9,49.071508368436376,0.0,0.0,46733570.277627,3,777,Tier 3
0xbb9a92673522f404445521225fb0387b687a13a0,48.641564913915204,0.0,0.0,13147.804802842842,4,708,Tier 3
0x4587f31ad6f2ff5296053422f8ccf351db368411,48.495675418853565,0.0,0.0,999878750.0,1,7,Tier 1
0x091806040fd70b40bcda5e01d00eafad8d10ab56,48.43900561911371,0.0,0.0,17764272.622287862,5,578,Tier 3
0xf0163f66ec80dda288e753e0a62c8eb71cd38684,48.16995486206349,0.0,0.0,18240133.63598764,3,787,Tier 3
0xe8b167e5cefb765acebd71a2e356a6a2f9e00aed,48.04687848793114,0.0,0.0,414733.9921267094,4,695,Tier 3
0x7a91bc4c9308844446792b51b99f5d111178d42d,46.83123885298589,0.0,0.0,272410.2510626695,3,777,Tier 3
0xf52a01ba9a57a54f50bcd5ffc1924d897e47bc15,46.61815398758079,0.0,0.0,172383.53332969017,4,665,Tier 3
0x54c2778651e055c40d1af89c33276ec61dbda73c,46.42912580726762,0.0,0.0,7027747.4537255075,4,654,Tier 3
0xdef171fe48cf0115b1d80b88dc8eab59176fee57,45.954397539828165,0.0,0.0,699979.9614833234,3,758,Tier 3
0x7075f5b527a8786799ab8165f4780e27bc4844c2,45.92710854753314,0.0,0.0,448.7072825,10,5,Tier 2
0xfc16f4100850ff91829d3e3d8a169179021d9ee5,45.927086931414564,0.0,0.0,0.40856787506000003,10,5,Tier 2
0x76fb10ad41f27198904ca26118c9614095528538,45.832617882936376,0.0,0.0,4.6823459320000005,10,3,Tier 2
0x7c268efc98762edacb318c1226fb73a5b5b7cf95,45.785383085317335,0.0,0.0,1.1495823293460299,10,2,Tier 2
0x9bd48e08e3444b30113812acd52458b35c33803a,45.73815028095109,0.0,0.0,38.955075921900004,10,1,Tier 2
0x93b5daea8e630ee2d3408cf52263ce809ea8b6fa,45.73814982815902,0.0,0.0,29.5645786295035,10,1,Tier 2
0x6dc75ab02d614ac94537f774c1dad8c8f6d0f6b0,45.73814932734228,0.0,0.0,19.178093207,10,1,Tier 2
0xb6029716c5a624f50ccc80c67755f8c54b9a1592,45.73814878934589,0.0,0.0,8.02053574884,10,1,Tier 2
0x25a76d10b870c07000e9fee68c901d9a354460ab,45.71297088530738,0.0,0.0,12170.215654108788,4,646,Tier 3
0xd7b56ca94e90fa1a83abfb08587ba85bc47c62b6,45.10867908219789,0.0,0.0,214549.58403876878,4,633,Tier 3
0xdde0d6e90bfb74f1dc8ea070cfd0c0180c03ad16,44.52369414158925,0.0,0.0,329964069.5503847,4,284,Tier 3
0xe8a4a89193d85ed4f777e10ea095b4c811c36d69,43.992875633634064,0.0,0.0,5421.44217098133,5,502,Tier 3
0x4ba70b22891c85936d4950f451140b844b7966e3,43.716484125914945,0.0,0.0,2332776.112535643,8,171,Tier 2
0x8282ba7625fc809724fbe16eda2f7148e8c86255,43.46458987066298,0.0,0.0,3000.1760400000003,3,706,Tier 3
0x99e881e9e89152b0add27c367f0761f0fbe5ddc3,43.33219103427514,0.0,0.0,42318923.48247194,3,660,Tier 3
0x68880114a744cfb622862fa8fdeb174fd9259fc9,43.27589565459828,0.0,0.0,8066.5923288051945,3,702,Tier 3
0x31b13fa1c6e786854f62fd0d6cb41d9b64639cf8,42.925913903283465,0.0,0.0,23117466.762774505,3,671,Tier 3
0x5df1208695e3aee3724e91bb13dfa681fd25664a,42.47677203997793,0.0,0.0,88224.20821930899,3,685,Tier 3
0xa68678d5e473f7e9a5a121291a945cecc9d983ec,42.191469867650405,0.0,0.0,1607395.802366911,2,785,Tier 3
0x9f2f1e3dedeea341c479d3bd5d5775de4448d8bb,42.17393073703196,0.0,0.0,664793.5847492954,3,678,Tier 3
0xb821a5da474c1baa1f3e3e6e440171cf08c7396a,42.14260697218949,0.0,0.0,2553230.3697403255,2,783,Tier 3
0x52ea46506b9cc5ef470c5bf89f17dc28bb35d85c,41.986878377127674,0.0,0.0,1282767.1496084149,2,781,Tier 3
0xeb21209ae4c2c9ff2a86aca31e123764a3b6bc06,41.83771084560641,0.0,0.0,3087184.5657435176,2,776,Tier 3
0xf368d43f148e1803ec793670183b0ca6a07d3898,41.79393899109562,0.0,0.0,38424720.810063064,2,739,Tier 3
0x34e1a69c42e620ec166ad5ca734cc9edc53b2093,41.712990012390804,0.0,0.0,5799351.1905334145,3,663,Tier 3
0x9eacf519f5a1e072339463a61143602e696c751c,41.69528424611424,0.0,0.0,133385.93329883716,2,776,Tier 3
0xcf4ddbe475ed5683ed4dd0a6afb101dda4a45be2,41.690746859369895,0.0,0.0,83812.06927813825,7,238,Tier 2
0xa2b47e3d5c44877cca798226b7b8118f9bfb7a56,41.35856378218894,0.0,0.0,1966538.9548214914,2,767,Tier 3
0x21f836ef326abed3ebf2eac9817c9ed1022c7716,41.24030894429318,0.0,0.0,493644.13213386387,2,766,Tier 3
0x75e617ace2e1025b2651d9902df9c94df4457a2a,41.17571336833821,0.0,0.0,11.50754335175,9,12,Tier 2
0x9202ab62022e68a28a81f931963ad3f3034001ba,41.170789897223074,0.0,0.0,31485.4556800472,2,765,Tier 3
0xf069117237419d2d4aa268ded9b9426052072bf5,41.07912581753086,0.0,0.0,89662.24072779503,2,763,Tier 3
0x25798df528a753da61fe6a5a0e3f0a38c9545ab0,41.03400923409194,0.0,0.0,6.272607964700001,9,9,Tier 2
0xac795d2c97e60df6a99ff1c814727302fd747a80,41.03116749641297,0.0,0.0,74653.48612318456,2,762,Tier 3
0x9c6d8aecafc9155a1202c7b686e4b3f17e6e5835,40.89230673965483,0.0,0.0,35.045828691471336,9,6,Tier 2
0x4df97f293c01a2327690653e4b685cbae6627840,40.89230512205083,0.0,0.0,1.49818732611,9,6,Tier 2
0x6b052bb4f5e54dee68cf96530d67c9b54283ace8,40.75060169708889,0.0,0.0,10.9731661798,9,3,Tier 2
0x2e2fa5449b1a828398d87f4b8db3eacc4dd519ef,40.75060138606552,0.0,0.0,4.522823228937572,9,3,Tier 2
0xaece35fb29ce6bf63a753e0682363c77976c668b,40.750601211259955,0.0,0.0,0.897514286988,9,3,Tier 2
0xc019e26b8c3bcc89c060110e079b463cf105dca9,40.703366783286334,0.0,0.0,5.0308618,9,2,Tier 2
0xa7a9e6137d2582fc8bddad6a6daeb8fb985396f2,40.70336669394399,0.0,0.0,3.1779826900000003,9,2,Tier 2
0x8844853428c59baadd9b4840e83969dd4f58cec9,40.65613430143558,0.0,0.0,49.52503455357541,9,1,Tier 2
0xe01dddfb490726df1fc3a62ab627f05ce673c586,40.656133378137106,0.0,0.0,30.376660831000002,9,1,Tier 2
0x4ed0f6fe7156efedd299812b8d27f60a6c70ff6d,40.65613252978257,0.0,0.0,12.782556264204873,9,1,Tier 2
0xe8fc405c105bdf95cad29427d7b163a80b0f2daf,40.65613237414058,0.0,0.0,9.55468243034,9,1,Tier 2
0xdc2e7899f3bc842fdada6f5c172df9ddd36f8298,40.6561323606127,0.0,0.0,9.27412651078,9,1,Tier 2
0x05b60b13250c0bd9bf27b91785c6670d3b8271b0,40.65613235496952,0.0,0.0,9.157092074056,9,1,Tier 2
0xbb4d8ad59073bbbd65cbe557c6d6bbf7b1d2fc22,40.656132134977526,0.0,0.0,4.59465736477,9,1,Tier 2
0x44265dae5c21110b0dfdd421503ce3e1ca3280a5,40.65613208653242,0.0,0.0,3.5899497455438696,9,1,Tier 2
0xd60bb1dad4ed8df7e34ca61d3a9c37768da070ba,40.65613204530893,0.0,0.0,2.73501195,9,1,Tier 2
0x0625b15a34d0f688f60cd86cec59b35568461f64,40.656132044803115,0.0,0.0,2.724521877,9,1,Tier 2
0xb6e9b43e89278c4c812f4a20f8c531fadb636808,40.65613204055445,0.0,0.0,2.636408508,9,1,Tier 2
0x3421fbacd45c4df3f08ef88a77343db47f130808,40.65613202111428,0.0,0.0,2.2332368700000003,9,1,Tier 2
0x25382a5f407a31c1996bbf96fbb92a690497288c,40.65613197949218,0.0,0.0,1.3700320422499999,9,1,Tier 2
0xbe836bf050418a7f3cbf54284d49daca491fe3a3,40.65613195711931,0.0,0.0,0.90603905808,9,1,Tier 2
0xa96d9ea7cc253464f07b498736307a4d39b09a30,40.65613194257908,0.0,0.0,0.6044879806460001,9,1,Tier 2
0x1819d92211767baf387fb0ccaaf318b7dbacdd0b,40.65613191861485,0.0,0.0,0.10749138632,9,1,Tier 2
0x95215ed0244c66b740a18da00d29496591390969,40.56384501716992,0.0,0.0,732.7075713150347,4,537,Tier 3
0xb62d1ff4f1c155354075b787e63fdf376e10a881,40.3592098812852,0.0,0.0,832911.9682571911,2,747,Tier 3
0xe8ca0bb3269c4f1e73ae7be720daef87b78f97fa,40.055223345515074,0.0,0.0,406126.8793238178,2,741,Tier 3
0x62897e744e0c71860ea74bd88858b0f4afbf72dd,39.761640882410425,0.0,0.0,17003.12678144,4,520,Tier 3
0xe8981aa72d495aa71681c41159c1ec8746ee3fbd,39.7047247776079,0.0,0.0,75023040.74441803,1,765,Tier 3
0xdf326ac661a2bea8547b3786b990b7ada709164a,39.484761265295425,0.0,0.0,5629264.382219986,3,616,Tier 3
0x6fc6f371763371f0fd66e65b157017eb7ce7e1a1,39.42570451412836,0.0,0.0,55922712.87200746,2,671,Tier 3
0x0d93b478a4c1f3a21d4f08f6e74352f20c64b0c6,39.297729364045416,0.0,0.0,370041.9952821971,2,725,Tier 3
0xc563fe25355e97ebe2932912d9f3ca9da109478a,39.080892930825975,0.0,0.0,14101.455650198815,5,398,Tier 3
0xc1af5fc39b6369c22ee8d9fcde2853a4ebd2312a,38.78260756389413,0.0,0.0,1664760.1916462022,5,390,Tier 3
0x5eb94026737af1277f7c6007bb807205e28b2ff7,38.774433524986605,0.0,0.0,14987048.140092999,2,699,Tier 3
0x7466c91238d6e9c16801b4b885cfc3155af3fce3,38.750337625052126,0.0,0.0,79720000.24937871,1,740,Tier 3
0x5893be5450e4129e9b6079188d5811a0926bf9ee,38.66626733961541,0.0,0.0,8935.590181272391,2,712,Tier 3
0x9c483fa4d84a218940bfa02652fcaf01ee8f44f2,38.56159783871332,0.0,0.0,22328269.331190117,2,687,Tier 3
0xb0eb9addf14bc5d5b094d4bd759befd28ecb11dc,38.53326771901433,0.0,0.0,11344.377386770258,4,494,Tier 3
0xe773d1c4b312b11886e7d7bb5b9fc68cc2663340,38.46990620897784,0.0,0.0,255743.97952677042,3,600,Tier 3
0x6d857ef79c31e6dd410130be49ce0612025fb10a,38.29807751548555,0.0,0.0,1590189.4277969692,3,595,Tier 3
0x723ec7cfb64131c6a45c9fb2cd9dba14657d5380,38.15015003993983,0.0,0.0,80767.5235390756,2,701,Tier 3
0xed0c6079229e2d407672a117c22b62064f4a4312,38.10539491757935,0.0,0.0,311067206.69445443,3,275,Tier 3
0xa69babef1ca67a37ffaf7a485dfff3382056e78c,37.99817716158122,0.0,0.0,12023785.165816892,3,578,Tier 3
0x97d868b5c2937355bf89c5e5463d52016240fe86,37.992955882160594,0.0,0.0,506214457.743639,2,181,Tier 3
0xb92a10489a25df583eabeb5f36d7ebf47bfa99dd,37.92395137143759,0.0,0.0,287628.95026333496,2,696,Tier 3
0xd55684f4369040c12262949ff78299f2bc9db735,37.44010438640749,0.0,0.0,12383211.628455767,1,781,Tier 3
0x35101c731b1548b5e48bb23f99edbc2f5c341935,37.24932651922272,0.0,0.0,10967.977482964883,2,682,Tier 3
0xbae8b5cbd9b39ed764321c36926d190e5e4d2880,37.17583151796613,0.0,0.0,267845.28336180013,4,465,Tier 3
0xd72443253b4fa91e156ac08d56e004fd811dc51f,37.08886719457889,0.0,0.0,22743.921174635827,3,571,Tier 3
0xfbc95b9892926904ad8806e06a5bb6341d49c840,37.087005599224014,0.0,0.0,3323693.077965915,4,460,Tier 3
0xd48573cda0fed7144f2455c5270ffa16be389d04,36.77919399950218,0.0,0.0,238501245.997642,3,321,Tier 3
0xb329748ed21105b08fbfddcdbf7d1751e78f3950,36.70774709117761,0.0,0.0,12.698638016772694,8,25,Tier 2
0x3751b4466a238db35c39b578d4889cfb6847a46b,36.59419451266171,0.0,0.0,60473233.33385572,1,714,Tier 3
0xf156837a58aba1d32e2b3c1ed750e187a0981aa2,36.52151956032703,0.0,0.0,189818.2097195991,1,774,Tier 3
0xde9ec95d7708b8319ccca4b8bc92c0a3b70bf416,36.370680650196825,0.0,0.0,365.99922000000004,1,771,Tier 3
0x7b7246c78e2f900d17646ff0cb2ec47d6ba10754,36.0873319911677,0.0,0.0,1591.7756130011767,1,765,Tier 3
0x30471a7c9e3a8765e53a6257980ed3dcda586312,36.029360594468216,0.0,0.0,1558.0359910173715,4,441,Tier 3
0x68cf459bbe2b090f17833d885dfd291cddb586b0,35.99922726198823,0.0,0.0,3.9871477543,8,10,Tier 2
0xd113c86a0574bdbd1e8f51101c969dc75398dc66,35.954027408348225,0.0,0.0,175785.62712676375,1,762,Tier 3
0x4847a8135998767b984ace67a0db76465d7aab69,35.95199247202066,0.0,0.0,0.6130691236850675,8,9,Tier 2
0x47358e6174d77e29e7b905129609c77305387464,35.904757853862165,0.0,0.0,0.8021547330000001,8,8,Tier 2
0x07ea411d66f9b43bb41164b73993ca81caa74882,35.854794088277615,0.0,0.0,76983.22459222264,1,760,Tier 3
0xd866ddb9c64d9a01d3aad76e953f9649436fe977,35.85122840897945,0.0,0.0,3034.2665168607,1,760,Tier 3
0xb893e624e099b56b888b4ed79a86b647dddc39bc,35.83469861742461,0.0,0.0,639824.7402454712,1,759,Tier 3
0xf8fd889b47e3caba23610d68050b639584bea0e2,35.810288645988486,0.0,0.0,1.770214534,8,6,Tier 2
0xfd5fe298cd5255be0203b73a0c917b6736a27c06,35.763054021434094,0.0,0.0,1.82665502,8,5,Tier 2
0xde03a6f8f1f08abdb4efdef9806eaf9cb721bc1e,35.715819550619514,0.0,0.0,5.07152012506,8,4,Tier 2
0x346563d78537987beb25740b6b9aeafe9bae5073,35.71581935886384,0.0,0.0,1.094680993388,8,4,Tier 2
0x3a4408c8b3b6733f5cf495c997bd3658466a8c8f,35.66858738215858,0.0,0.0,56.06511363,8,3,Tier 2
0x0ac4dd0d43a587b5f44afd3c4e47ce49a5713292,35.668586628273445,0.0,0.0,40.430218936,8,3,Tier 2
0x79d1afc625a0b6b6944a49851f29e520a17c1331,35.66858502888991,0.0,0.0,7.2604534028000005,8,3,Tier 2
0xdc0773a69d61a2d10ad4aba7f3d8cfb250156744,35.66858493477033,0.0,0.0,5.30849871,8,3,Tier 2
0x71add64adbb965bafd01437295968502eb61145e,35.66858492375665,0.0,0.0,5.08008489,8,3,Tier 2
0xbd7dbb5886786af713ebb1841323c528699bd92d,35.668584703710195,0.0,0.0,0.51652078,8,3,Tier 2
0x1efe0ac271944a43aa0975629dbb49546d9b1cfb,35.653201142513986,0.0,0.0,215288.50834056945,2,648,Tier 3
0x4b0429f3db75dba6b82c32a200c9c298ffc05839,35.621352236994205,0.0,0.0,45.324574872999996,8,2,Tier 2
0x5dbc6208cc2ecb91943355486987ab89b6e7dc2a,35.62135115555075,0.0,0.0,22.89641741788,8,2,Tier 2
0x28c118cb932bd3037634789b0a780f6b01e77fad,35.621350594031675,0.0,0.0,11.25102058,8,2,Tier 2
0x125eae40d9898610c926bb5fcee9529d9ac885af,35.6213504113963,0.0,0.0,7.463328374,8,2,Tier 2
0x718225832e5bde18cc93e418e091ea43fbe05e3d,35.621350342414395,0.0,0.0,6.032706067,8,2,Tier 2
0x1a23f6501c733e1017de6bf889216b73f2e609fb,35.621350197301325,0.0,0.0,3.0231924880000003,8,2,Tier 2
0xd49591f0e9e8fc90856ea791b5f5cdf5edc78883,35.621350175706354,0.0,0.0,2.5753324363,8,2,Tier 2
0xc9bb7204aea2dadd450fff02e63bbcdec67f3dcc,35.62135012292526,0.0,0.0,1.48070021,8,2,Tier 2
0x90457df24e85e174e61ec62fbab1a6ef34874d7c,35.621350066808624,0.0,0.0,0.31689215800000003,8,2,Tier 2
0xa16878bb974e7e0a9a1eeae45af80991a2a7800d,35.62135006165871,0.0,0.0,0.210087676,8,2,Tier 2
0x8c270f234cdcbd30d281799b584db3d0789e1317,35.57412245887556,0.0,0.0,145.8917018634246,8,1,Tier 2
0x28d7100e24926786cf39038687b2f0d6ccb8dd93,35.57412159660222,0.0,0.0,128.00893395084,8,1,Tier 2
0x5579718eba9128f7a9b6316e81c6f867b44754e3,35.574120545504364,0.0,0.0,106.21011696510453,8,1,Tier 2
0x74accb7c89c5e4cf3390b4066ede5d3eb3782167,35.574119718432065,0.0,0.0,89.05738675,8,1,Tier 2
0x011951b5341e0c9873334f7ee24796d8e0becb6f,35.574118384602095,0.0,0.0,61.39496145929399,8,1,Tier 2
0x4d58d36e46cf9af14e416061fe5d0074780b4099,35.57411734304882,0.0,0.0,39.79409027307672,8,1,Tier 2
0xc69ae428f6049e78d445f053d2c1df879c59b34c,35.574117052938156,0.0,0.0,33.77745804880003,8,1,Tier 2
0x723aadf9329a770c8a77f205eaacc879b6e83f55,35.5741166279728,0.0,0.0,24.9640613774,8,1,Tier 2
0xb41e31a4ddc1c3ed12ee1ade86f01ff1e3f9fb27,35.57411655623769,0.0,0.0,23.47634030571618,8,1,Tier 2
0xd69bb3402f7fb5ee221c72424c415d337fb8942e,35.57411651964962,0.0,0.0,22.7175368875,8,1,Tier 2
0x26199b5dd7637d8ddd76fcfe31ec1eadee25e275,35.57411635680715,0.0,0.0,19.340331666318203,8,1,Tier 2
0x5805ec51c516e3aa9907d2dbffea7f267b1baa23,35.57411610081721,0.0,0.0,14.031332170999999,8,1,Tier 2
0x1f2c87b25830c710a56b2aa7035342d99bc1cbba,35.574115965216926,0.0,0.0,11.219105305,8,1,Tier 2
0xdfd77a848618b3428c79790b5222b85c2adfcfe5,35.57411594959765,0.0,0.0,10.8951754479,8,1,Tier 2
0x97a1ca841b4792068932d4224681f6f6fa22c549,35.57411593056415,0.0,0.0,10.50043792573456,8,1,Tier 2
0xabd263d64781a01fe3d9b17f12fc95f6fccb2943,35.574115905326465,0.0,0.0,9.977031194224,8,1,Tier 2
0x7179ed411c63ea4ba21568142e57f6cda4568e12,35.57411582653767,0.0,0.0,8.34302307297,8,1,Tier 2
0x9023f1ed962416848bf844162903ef4624b27a4f,35.57411579703763,0.0,0.0,7.731218972395711,8,1,Tier 2
0x2aaba937786bd2725ace39f3d26ee37f5b88f2dc,35.57411579673329,0.0,0.0,7.72490707987268,8,1,Tier 2
0x09165d195d9f50c82aac439840cc6198d69003de,35.57411578658927,0.0,0.0,7.51452929396,8,1,Tier 2
0xefb1b61dac569ac6e8a7b860967978976db4561d,35.574115771851496,0.0,0.0,7.208881381297872,8,1,Tier 2
0xf637978800670ba2a978501d86f73442e108f946,35.57411575917655,0.0,0.0,6.9460144,8,1,Tier 2
0x064a4887f6a19093517bfbf67f216d187378e111,35.57411574289968,0.0,0.0,6.608446755650342,8,1,Tier 2
0xfdc79905818aa8e0ff637c2627c98b1e8b5a54b5,35.57411573693689,0.0,0.0,6.48478403,8,1,Tier 2
0xd920b68db744cbdf5bc8f63b6b2bd560292aab5d,35.57411571926242,0.0,0.0,6.11823165,8,1,Tier 2
0xf1afd190f76e415b4716c899ecffc4b80020b788,35.57411569211346,0.0,0.0,5.55518669,8,1,Tier 2
0x7a263bd35102cb8007aeac5cf0c059edd561a41d,35.574115679763516,0.0,0.0,5.299059976005204,8,1,Tier 2
0x329c787b163a730bd7900df2beb3ff4fe4670375,35.57411566785631,0.0,0.0,5.05211531,8,1,Tier 2
0x58e2eb90a3c7c202e8a35981fd2b89db76d3cf20,35.57411566703477,0.0,0.0,5.03507739,8,1,Tier 2
0x174fe560f3d26aeb40a15ff3b90537a1a778b783,35.57411563999957,0.0,0.0,4.47439185,8,1,Tier 2
0xa0f4a964be507d559179224ea7f63381becbda33,35.57411563888202,0.0,0.0,4.451214888917,8,1,Tier 2
0xf2f94d2acd63f089e2d9e82bc8edb0fbd40a28fd,35.57411563682217,0.0,0.0,4.40849538271047,8,1,Tier 2
0x2dbb7eaf854059c9fc0484b96d6f2567dc5f3e15,35.574115630802126,0.0,0.0,4.2836452000000005,8,1,Tier 2
0x6398a5c3d1efcb1b8a09150aacb127df5dc66b94,35.57411562925282,0.0,0.0,4.25151400186,8,1,Tier 2
0xbb79893f1ffabc81364a1965676643f8fed01f99,35.57411562639122,0.0,0.0,4.19216689442179,8,1,Tier 2
0x5e4491bb53965e4252027cddb13e37356d4ebd87,35.574115611750415,0.0,0.0,3.8885300025,8,1,Tier 2
0x921f15bb887c4636b05aa88a1faad71efe8c5942,35.57411560783464,0.0,0.0,3.807320315,8,1,Tier 2
0x04629871122dd5b2d4a958c38c1acdbe652b0c78,35.57411557795801,0.0,0.0,3.187706108,8,1,Tier 2
0xec84ca73029969a43509ff850de593e5540cd050,35.57411555163125,0.0,0.0,2.641713004,8,1,Tier 2
0xa4a4bc5b32ee23c74c7f638f93e436ea324fcb7d,35.57411554058394,0.0,0.0,2.41260167736711,8,1,Tier 2
0x6e33c520277952aa4950e548f18f4bf8b17c8867,35.57411552154057,0.0,0.0,2.0176594992,8,1,Tier 2
0x438110dc27d50682b0df262721c97047e4b00c7a,35.574115520143444,0.0,0.0,1.988684385,8,1,Tier 2
0xa931d7bdfd8cf6506ccf8e873e6fc60dab6e5a66,35.57411551719811,0.0,0.0,1.9276009655200002,8,1,Tier 2
0x9f6c6910a8b1199251a9e213a50a8ba3dfa8d7be,35.57411551273063,0.0,0.0,1.8349492559903777,8,1,Tier 2
0x68af7f3b1cdb2ef66a95079fd14d916b9def085b,35.574115509170454,0.0,0.0,1.7611144811000001,8,1,Tier 2
0x9999990bc03c67e331c92fd9275f8dbf2354c723,35.57411550618978,0.0,0.0,1.699298,8,1,Tier 2
0xf109f3b3a73b8201dfa53ad0039e893c163208f3,35.574115497470714,0.0,0.0,1.518472575652,8,1,Tier 2
0xeb2913edd64f88813c873bf4320fc03c4e49bdcd,35.57411549029816,0.0,0.0,1.36972024064,8,1,Tier 2
0x35ade8a6d14ec4b4e074179fadccc6ffe6ec7e1d,35.57411547981417,0.0,0.0,1.15229165,8,1,Tier 2
0x30ff9bb028ba7591cacd0fafb24e29bf4d34f27f,35.57411546808436,0.0,0.0,0.909026102,8,1,Tier 2
0xe7765e5bb4562245c274194101c1ad1da417a033,35.574115466526756,0.0,0.0,0.876722841025,8,1,Tier 2
0x4f0614814995bef67c4cc95a36ecc76ab46296c0,35.57411546401291,0.0,0.0,0.8245880139999999,8,1,Tier 2
0x2dd3a97aee2c998ac123ff0f71773b7c5f02ca71,35.574115462377605,0.0,0.0,0.790673265105,8,1,Tier 2
0x13b91b3ff58886ace7637e547c53bbc2936d803f,35.57411545280915,0.0,0.0,0.592232236815,8,1,Tier 2
0xb20bf800d0e7411c590a167b9250394c7004a131,35.574115451363085,0.0,0.0,0.562242082,8,1,Tier 2
0x70528683313ab25606ff73b1056c7fed09a64f4b,35.574115447257086,0.0,0.0,0.477087361,8,1,Tier 2
0xfaee289c8a5fe008c0ce4f9dad3faf7af014bb93,35.574115445428475,0.0,0.0,0.43916361008,8,1,Tier 2
0x486063e323251ec48e8d11b756d0dfb7a7b5f308,35.574115443970975,0.0,0.0,0.40893645869399997,8,1,Tier 2
0xd0fff3c7ce94ff0d6b6393255e44a1d3d3dae460,35.57411544123965,0.0,0.0,0.35229115943275,8,1,Tier 2
0x31d4dcc55abf901ace6e18188151113b9971740c,35.57411543094008,0.0,0.0,0.13868753097,8,1,Tier 2
0x3491b165b4d38d70d2c66a560248e729066d4cb8,35.574115425328884,0.0,0.0,0.02231622887516,8,1,Tier 2
0xcd615848c10c89f6afcc3f353b2c0b690c535a27,35.513642941752266,0.0,0.0,81678.28520422484,4,430,Tier 3
0xe87adc9d382eee54c1ede017d6e5c1324d59f457,35.42769140260944,0.0,0.0,35690.85506225,1,751,Tier 3
0xf8587bfb4d3e0b31029efa09d595ee6179ddfeaa,35.282318392343036,0.0,0.0,173750140.54012647,2,463,Tier 3
0xa8c32f3ddef0db7542b33fa491af68e51d1a18c2,35.28151048819649,0.0,0.0,5241604.961908516,2,635,Tier 3
0x39a18ad49d61e983b09be188f602aef9be882c72,35.179828947256766,0.0,0.0,8832332.469431082,4,414,Tier 3
0xb82bc321850ccd550394f413800ef4e0bef4901f,35.15942213706511,0.0,0.0,227439522.72141874,3,298,Tier 3
0x9bebc5bcea7c5fe51aaa33d25b8bc832c6feef16,35.14162471079176,0.0,0.0,782040.7638815893,3,529,Tier 3
0x69a0eb450906beb5c80fe20781327fff3d27a4d1,34.773094341289585,0.0,0.0,174388.11991105755,1,737,Tier 3
0x2047d00c61a5c96767da4e90532d20be417a2d09,34.646107545926874,0.0,0.0,479607.15925060434,1,734,Tier 3
0xad88a3370844e254eb94ca6c3890af4b0219c750,34.52031874923433,0.0,0.0,230815.06624731643,2,624,Tier 3
0xb9988c00739e59b80ff8ddc61f00fdc7e7c84688,34.23971978214555,0.0,0.0,867923.501567463,1,725,Tier 3
0xf1fae11e58b9040880a5375bebab79ea20b6b6b5,34.104746968306124,0.0,0.0,27916.378882639183,1,723,Tier 3
0x22f9dcf4647084d6c31b2765f6910cd85c178c18,33.92608361896837,0.0,0.0,1042507.5528205163,3,503,Tier 3
0xf2eb9cd233744f22039eb32cbe391513f009a52a,33.8115808480117,0.0,0.0,627030.5733022765,3,501,Tier 3
0xe72c3e0f988496825a32b07e937e44c327cefce1,33.77282174959055,0.0,0.0,7259282.147874485,2,601,Tier 3
0x78e96be52e38b3fc3445a2ed34a6e586ffab9631,33.741274140918044,0.0,0.0,26820464.777994376,6,150,Tier 2
0xfa8dd1877401aa2f088001b7fdb6e805859e8a6d,33.69743886969936,0.0,0.0,1599386.3155722185,4,390,Tier 3
0xa770d691c58bf16d48947035aba7d0c4bd8242d5,33.439989323929815,0.0,0.0,1158132.8616214562,4,385,Tier 3
0xc7f8689d426975ed7f97f304e512f54c0fde8d02,33.29568196422167,0.0,0.0,124535.71488337386,4,383,Tier 3
0x23291905585578f57e155def1fc5cd66dd00db4e,33.20290072791422,0.0,0.0,1139147.0581862216,4,380,Tier 3
0x838c3ba0b9826a5ea1ef6619daa3a100a8aa4cba,32.96473735631326,0.0,0.0,296377.71300124994,2,591,Tier 3
0x245a551ee0f55005e510b239c917fa34b41b3461,32.84096392671852,0.0,0.0,89382.50764819219,3,481,Tier 3
0xf07766108cdb54082f7b06cad20d6adab1342d46,32.83395851872302,0.0,0.0,5999826.64301287,1,690,Tier 3
0xc26b5977c42c4fa2dd41750f8658f6bd2b67869c,32.76096658134438,0.0,0.0,70920959.74119587,3,407,Tier 3
0xb9b98205f564666f7b432b942642e45d23acd5d4,32.75936117963615,0.0,0.0,2.806444918263651,7,49,Tier 2
0xa6b7f6cdffbb69ecc0eff28e23a8933bc4557ed5,32.66711264370611,0.0,0.0,1531.072543576952,2,585,Tier 3
0xde5f384ba0575711bab32f7a769d355e29f5a450,32.64259202218982,0.0,0.0,472598.97270499996,2,584,Tier 3
0x1d6370eeb697632818bc420e47b1baeb2a876498,32.6350104574151,0.0,0.0,257372195.08770517,3,214,Tier 3
0x79f74f8b96718657ab317cea3eb76e1e5e95519e,32.62156986431882,0.0,0.0,36618.46490819676,2,584,Tier 3
0x27fe75bd164c92ba21c1fd617df1135bd2520375,32.55400795568357,0.0,0.0,15795.901328897717,3,475,Tier 3
0x5bcad63582246ec9d9cd50f1a02f53e99280731f,32.512188035190995,0.0,0.0,2666155.3021317045,2,579,Tier 3
0x614e57c57e6da7b86bea5be977a95b0f94bf43eb,32.31159066750624,0.0,0.0,33192812.576270886,3,436,Tier 3
0xfbfcc709abe8ebc1c029238eee6459d2905311a9,32.266790755393515,0.0,0.0,114901.34135364195,1,684,Tier 3
0x0771c7e2a11cbfe3613acb97d79e9ae69416a571,32.19254557839726,0.0,0.0,1.273230993562,7,37,Tier 2
0x97e6e0a40a3d02f12d1cec30ebfbae04e37c119e,32.10842819400329,0.0,0.0,159266655.72543344,3,303,Tier 3
0xfb2949675e49da087c6655ecb7477d94961f5a71,32.059072907344834,0.0,0.0,1105785.0752718665,2,571,Tier 3
0xdacd3ad9fe68a29a4ae2b7a66599ceb784fafaad,31.879850108302836,0.0,0.0,327676.7250481002,2,568,Tier 3
0x9a568bfeb8cb19e4bafcb57ee69498d57d9591ca,31.81152735086723,0.0,0.0,469184.5511086173,1,674,Tier 3
0x98d1edefe1414d77ad011e76b2d028e85cd93d5f,31.807168358387788,0.0,0.0,378782.99640939,1,674,Tier 3
0x352423e2fa5d5c99343d371c9e3bc56c87723cc7,31.58500121449192,0.0,0.0,471858477.62520516,1,188,Tier 3
0x81231357a913ec6e1f3afbce8e662632c1c8eee5,31.540871819941664,0.0,0.0,154797.76481596963,2,561,Tier 3
0x7d65bba2e829fdaaf3a185a3f5596ced9bc6b462,31.47707041617928,0.0,0.0,2171171.413799624,3,450,Tier 3
0xfcdf0203371456b10e42d0cf99b404c21426973a,31.417079292589236,0.0,0.0,526263.0286255555,2,558,Tier 3
0xb07421eecdb730794b3a7e76e54e7683c3687d8b,31.298029622191603,0.0,0.0,16487.474273215827,2,556,Tier 3
0x10b9f7a1435f2486324dcf6a930cfc64332a43bc,31.247852988960023,0.0,0.0,0.36236512913,7,17,Tier 2
0x043a95560d4c1b4e22237c09e96614b7b4774644,31.200618460188327,0.0,0.0,2.40525210792,7,16,Tier 2
0x9c016d9a1ce53658f7a975f796735b4e010013bc,31.153383741975958,0.0,0.0,0.519311057699,7,15,Tier 2
0xf8d9ecfb5ddd99a6e0ccabc54a440205cd40e448,31.062359474941577,0.0,0.0,26919.013096232575,2,551,Tier 3
0x6cc510139f38ddbd00695a46e9de33d27fb1a9f6,31.04122573802232,0.0,0.0,568227.831222806,2,550,Tier 3
0xaece14beea855922e605612b77daa6cf6113d39f,31.02094543900762,0.0,0.0,147632.8039682179,2,550,Tier 3
0xc67891c1941dadaf0929f0702851e075e64e482f,30.869976288609525,0.0,0.0,6.9544169,7,9,Tier 2
0x3d75b3f53903b8e528b95e0b21deddb31df37305,30.775507251020574,0.0,0.0,11.45402774087081,7,7,Tier 2
0x4bf0827308899e9d44896844aaecc007ba0de617,30.75332653188012,0.0,0.0,74332.54842935047,1,652,Tier 3
0x5edecdd3f180cb371a724718a6b37c3390f57b86,30.711177735438035,0.0,0.0,1698.3676520148688,3,436,Tier 3
0x33898903c17b2b4cf37782535691baebc744e590,30.6810374702546,0.0,0.0,0.5408205998758624,7,5,Tier 2
0x18a86bdc70d9e30903fc7a67e9481eb5ae343b50,30.681037444335153,0.0,0.0,0.0032746618593927,7,5,Tier 2
0xf5d3831cf43992aee396265dbb2012c2e854f423,30.640225080455462,0.0,0.0,88664.5013224,2,542,Tier 3
0x355784934ef5616e6025c8dbdf84d6943217177f,30.539334313192313,0.0,0.0,15.571795400000001,7,2,Tier 2
0xbe2800c4dead2c7c361ec51ba6d6a384afefe224,30.53933415612855,0.0,0.0,12.3144352,7,2,Tier 2
0x4d918a4aaf735dedc39055b94b17c32ecd5e10ab,30.53933381419826,0.0,0.0,5.22311091,7,2,Tier 2
0x139574b23f907867d9661510b64b2ea27d202af8,30.539333635542683,0.0,0.0,1.5179560080980816,7,2,Tier 2
0x8847ebaaf29a18396e49191602f8d8d141b98aa7,30.539333602265472,0.0,0.0,0.8278168602825999,7,2,Tier 2
0x4ffb3ac0c2834d509c9afe62a9ca8c44f93462f0,30.53933358904158,0.0,0.0,0.5535652857,7,2,Tier 2
0x7776caea867683fb174b6b4fc47a2b31423b95e0,30.49210853348821,0.0,0.0,199.06241740765452,7,1,Tier 2
0xaf198e3593b61be3469d856c57961daa49be4852,30.492102623916708,0.0,0.0,76.5032585904,7,1,Tier 2
0xd50ef0e3b8d6d920a6c898aa139d038e014ba4a9,30.492100951714914,0.0,0.0,41.823308446968106,7,1,Tier 2
0xb029e21e8d8a90c3fa58987a6bbf2b0563e5f6ab,30.492100489823986,0.0,0.0,32.244109084,7,1,Tier 2
0x048fe41b588e8b70887f294811857c892196bff0,30.492100290713843,0.0,0.0,28.114745167372675,7,1,Tier 2
0xa417100ddcd35787e6c0598e63db45ef5ecca567,30.492099940822072,0.0,0.0,20.8583067555,7,1,Tier 2
0x209b2346598a7f7f0a8068aec2b76385ed98dab8,30.492099888470026,0.0,0.0,19.7725728076,7,1,Tier 2
0x431d47ed942f1c3ad7bd8ba43c47a5afb50c657c,30.492099506065646,0.0,0.0,11.841852432851057,7,1,Tier 2
0x984886312107a9ae23b8290d6c1d519a737283a2,30.49209938791065,0.0,0.0,9.391424784033179,7,1,Tier 2
0x4f2f9450a9015432f8ffd36219e88348e8555165,30.492099352244438,0.0,0.0,8.65174002125,7,1,Tier 2
0xffd2a8f4275e76288d31dbb756ce0e6065a3d766,30.492099344076145,0.0,0.0,8.48233698,7,1,Tier 2
0xc8dd81e7319339326b95fa16a43e19f4b295ac1e,30.4920992920109,0.0,0.0,7.402550896,7,1,Tier 2
0xeacf16b7757a9f56aed5c4c187016b920901033e,30.49209928281231,0.0,0.0,7.211780388,7,1,Tier 2
0xd59f93442c4760332f2adac218be97cdc8c7b633,30.492099274321543,0.0,0.0,7.0356896664,7,1,Tier 2
0xed80f39cc520f4258813cb4aaae6563661e19b12,30.49209919633965,0.0,0.0,5.418415957000001,7,1,Tier 2
0xcd36b622085c508404ddaaca943eb69ad8113ff7,30.49209918792919,0.0,0.0,5.243990488526642,7,1,Tier 2
0x50dea4112f8900373066abce52fbd89708233358,30.49209916640828,0.0,0.0,4.79766635951608,7,1,Tier 2
0x0aa0ec3280a9cead3db5dcfc9b6ea6f60235f674,30.492099145639727,0.0,0.0,4.3669454000000005,7,1,Tier 2
0x683537e4d326c5dfaaaa6ef9dd9cf85ebb04971d,30.492099104249853,0.0,0.0,3.5085569606,7,1,Tier 2
0x4a8a3012787a75f73a0aa59163f7d593725d1636,30.49209909094509,0.0,0.0,3.2326282853499997,7,1,Tier 2
0x9d31f4d67785a9e60f65006e7f2d8f2180dcc933,30.49209906164337,0.0,0.0,2.624936939129199,7,1,Tier 2
0x4072666559580b59ef51833f102dc893f6e39826,30.492099060182476,0.0,0.0,2.594639425,7,1,Tier 2
0x896212da5d35dbf0e7c57a37133f0c97033f82b5,30.49209904091627,0.0,0.0,2.1950758094,7,1,Tier 2
0xd030e6d9c9d0951d7d0e902fb0f27caa66d65286,30.492099030691545,0.0,0.0,1.9830242924,7,1,Tier 2
0x07fe6321f82e98028965c9af70c9695e426af7b1,30.4920990275522,0.0,0.0,1.91791703583,7,1,Tier 2
0xf060f6f4c05231719359b60c5795b4d0964c7582,30.49209902645612,0.0,0.0,1.8951854,7,1,Tier 2
0x61cb0624e4dfeb6304d64b1609cce6a8ec2c61d7,30.49209902645612,0.0,0.0,1.8951854,7,1,Tier 2
0xc3baa8e6f7cdffb08fdf857c92d02decd7b1a754,30.49209902645612,0.0,0.0,1.8951854,7,1,Tier 2
0x4117f2b77f6bc55e48c5eb4f80234d22d91aa88b,30.49209902362288,0.0,0.0,1.83642664,7,1,Tier 2
0xb907c68f78fcdb082e60a167dc4190198121c94b,30.492099023245732,0.0,0.0,1.8286048195256,7,1,Tier 2
0xc7d5b575c6095104ab81d0aef81a2a2255ea325b,30.4920990199882,0.0,0.0,1.761046539673,7,1,Tier 2
0x41fd941bb20990b5bec8cb424f19397254707981,30.49209901910988,0.0,0.0,1.7428309915,7,1,Tier 2
0xf1f957595dc117128bf7d3ac5f71042a889b826a,30.49209901658178,0.0,0.0,1.69040057327,7,1,Tier 2
0xb7985a153ff4c8fc197b859f6f7979b126aaa315,30.492099015450986,0.0,0.0,1.6669489202999999,7,1,Tier 2
0xfc461b2d607ef39abc672171d227ff9cb445fd94,30.49209901303144,0.0,0.0,1.616769599,7,1,Tier 2
0xe83ca6e0bfd60ff6339dad4cddfb773162375319,30.4920990112547,0.0,0.0,1.57992181924,7,1,Tier 2
0xbcf05d19c85aa177a58ece89169fd241700f7d1c,30.492098994737926,0.0,0.0,1.237378730309433,7,1,Tier 2
0x6c2cc8ea2b54e6a4807502f3a98a839184fea6bb,30.492098994202145,0.0,0.0,1.2262671214,7,1,Tier 2
0xfa65e65a6321c37486972d71b3f50400bd43f974,30.492098979515315,0.0,0.0,0.9216755455900001,7,1,Tier 2
0x98b267c74728e49fd14bdeedd7e08f6c610be38a,30.492098965805624,0.0,0.0,0.637349144,7,1,Tier 2
0x8aa60881dde54833fd2e2186ee7a9661440c16a1,30.49209896190259,0.0,0.0,0.55640366699682,7,1,Tier 2
0x317ae3371f777adedaade238b832311807f5ca26,30.492098960626063,0.0,0.0,0.5299296505,7,1,Tier 2
0x3018b55796b0b9f6b4fe6853561fd33b9261ff30,30.49209895720532,0.0,0.0,0.4589865822,7,1,Tier 2
0x57a004076f196b722c7a7f45c570be462e765cf0,30.492098954048924,0.0,0.0,0.393525692486,7,1,Tier 2
0x0e297a8e975e4daa101e79bd40824590dcb00955,30.49209895192306,0.0,0.0,0.3494372707,7,1,Tier 2
0xfb9c8edc98442631836ee826c707c46652d9b306,30.49209895162605,0.0,0.0,0.3432775,7,1,Tier 2
0x785dc7204e2da8694c045e615562e946aadbf914,30.492098949980967,0.0,0.0,0.309160000715,7,1,Tier 2
0x2b840a936af74b20541aa3bd820bf488af1a6715,30.49209894923479,0.0,0.0,0.2936850403,7,1,Tier 2
0x39223685dcdab03679898b6fa2a59b3c9b0b7336,30.492098944618967,0.0,0.0,0.19795692184,7,1,Tier 2
0xaad244d484c5e39f512186c92c0a87752e91cd69,30.492098936877888,0.0,0.0,0.0374140292,7,1,Tier 2
0xfbd08fd2b2c7148b4e38624158c3155b5b49f886,30.49209893551875,0.0,0.0,0.009226658700000001,7,1,Tier 2
0x372025203d25589ec3adad82652de78ec76ffabc,30.467199953978486,0.0,0.0,17946.804250170644,1,646,Tier 3
0xcd043ae14572cd83f26ceb8442e58c35251eb7f4,30.406628392444755,0.0,0.0,142097.70617812258,2,537,Tier 3
0xf807a590f57a1f91dcc45d25918c82af22323665,30.37188255992303,0.0,0.0,357.15937170806603,1,644,Tier 3
0xf543bc6fbf1c6124820fcbd7c85eca39b32feadb,30.357525581717898,0.0,0.0,1483703.4832408633,3,427,Tier 3
0xdd6e1a285790d4088fd020c65c764babf44b31e8,30.143612049031777,0.0,0.0,2524204.035595218,2,529,Tier 3
0xb3c31e1b58699e28bc3f8575e0f63ea445111a8d,30.022955425676873,0.0,0.0,21894.98425332972,2,529,Tier 3
0x562859c109170e59e5a1f14712e36a08c117559f,29.907128839991255,0.0,0.0,18770283.937555175,1,615,Tier 3
0x2d9b182d340a9189457e83d6034cca98fc81cc6a,29.779742436382385,0.0,0.0,16751789.306504652,5,184,Tier 2
0x53633c539d8399acbfac8e0f2391b35ee4cd6439,29.740403878243267,0.0,0.0,3201099.386336367,5,197,Tier 2
0x4bbc507ca4417625e20199644523f4d92df927b1,29.569331487702538,0.0,0.0,122860601.03138788,2,394,Tier 3
0x33cb657e7fd57f1f2d5f392fb78d5fa80806d1b4,29.549761585728547,0.0,0.0,4317.208647384194,2,519,Tier 3
0x0168cb9025d006df07aadcba1cc8c942ea58cdd3,29.363378871678957,0.0,0.0,57322.08246772124,2,515,Tier 3
0xebfa5bb9559a602f9775cd62e753216ea63dc24c,29.316284684680117,0.0,0.0,60234.68657153393,2,514,Tier 3
0xb0b0f6f13a5158eb67724282f586a552e75b5728,29.284174618080677,0.0,0.0,11550288.324027909,3,394,Tier 3
0x9bb571346d8ca4d43b45659087bd3191061cad8e,29.238319553707182,0.0,0.0,1768.4216290275217,1,620,Tier 3
0x5fcdeb047f2bed205af3371b318cd708b97346f6,29.191706034112713,0.0,0.0,14649.63220639,1,619,Tier 3
0x30030383d959675ec884e7ec88f05ee0f186cc06,29.067092280960544,0.0,0.0,190973.7125576925,3,401,Tier 3
0x1d2649df5d6511803c5418f0020104412fe3f269,29.065947659689133,0.0,0.0,746091.84379,2,508,Tier 3
0x8ec5c5528db3f1c6d8e3c4256e87de04ca7fffdb,28.989100779440225,0.0,0.0,131960.54635485608,2,507,Tier 3
0x50ab071d746c316e677daee788e3d20403554041,28.976457517751847,0.0,0.0,849354.1282487512,2,506,Tier 3
0xae03fa74140a5681f0b781883e92c71353a8da0e,28.895161847888374,0.0,0.0,142958.9648895963,2,505,Tier 3
0x3346568165ae8ac4931d013a8b3da4598a51b6d6,28.81300117214451,0.0,0.0,1778577.9468029952,3,394,Tier 3
0x7ef216afdf22d1b336169a0c4bb7b5a531d1e528,28.710742957177143,0.0,0.0,8474265.584761001,3,385,Tier 3
0x7f10b0a8ece3fbf89df5422862cba7229ac3596b,28.6468638497378,0.0,0.0,3809913.8142592898,2,496,Tier 3
0x195a9298f08a187147bead2465bfc264b4c9e821,28.613449306949796,0.0,0.0,6.643711747799999,4,284,Tier 3
0x5a600034fc97b13b01c7229e869071ca929ad896,28.605064431993117,0.0,0.0,3521888.300601934,1,603,Tier 3
0x8607d5a78e2dd044b29b6d182ed32eb2e9605af5,28.543037584885493,0.0,0.0,17330305.1383275,2,480,Tier 3
0xd05ace63789ccb35b9ce71d01e4d632a0486da4b,28.466269060164894,0.0,0.0,643398.039951,1,603,Tier 3
0x01d127d90513ccb6071f83efe15611c4d9890668,28.356591307234968,0.0,0.0,277555742.487342,1,318,Tier 3
0x1272364f485d392bea04987aa4e50ca040c8301e,28.308307979875387,0.0,0.0,5204255.344619098,1,595,Tier 3
0xf42aff5641e673807d8d9cac5d6659f5b605e888,28.293561759610352,0.0,0.0,415.22520000000003,1,600,Tier 3
0x10f69553c7b482536155cdc8d904ae833ed55f98,28.277920726621076,0.0,0.0,76781.20699287741,2,492,Tier 3
0xa47c7d85a8371833b1e501fde59acb859b21585a,28.272091458409626,0.0,0.0,311870507.3254458,3,66,Tier 4
0x1b622ca9c74185a7e21351ae9ac5ea74b9e8a75b,28.250292481524188,0.0,0.0,9299830.178281441,2,482,Tier 3
0xee9971f2f63f1d3a963c75501cef40b9d7628950,28.23214716452308,0.0,0.0,107082.37503078443,2,491,Tier 3
0xe141062f056c612a3f013d354ab89edadaf38ffd,28.200255658822375,0.0,0.0,425284.8153591989,2,490,Tier 3
0xd9e1079d4d349662b78f4ec23ae0d6716e778059,28.123693889427866,0.0,0.0,39703.589249437704,5,166,Tier 2
0x7d03149a2843e4200f07e858d6c0216806ca4242,27.833887340369117,0.0,0.0,12241095.608247012,4,255,Tier 3
0x609517eacd9ec2e24dffd4eeca54c6fd88c866fe,27.69072467105807,0.0,0.0,14348158.130527,2,465,Tier 3
0xd610086899bbe55f08f4590b2197aed9966e8c73,27.542198735992724,0.0,0.0,314117.9827738971,4,261,Tier 3
0x14cf326b6592e310f72ae33450ec06ce852e16c9,27.329572676167512,0.0,0.0,969.3465610000001,2,472,Tier 3
0xa86ca152c5433ab68cc11258446c24a15fe8d204,27.301669473001333,0.0,0.0,1138.7330452786941,1,579,Tier 3
0xf4099998b8ec1a5abff44a588665e201b91f57f2,27.28777878816234,0.0,0.0,113805.3496285,2,471,Tier 3
0x2618583b79735b2bee178366798bfcaa8c72d0cf,27.11388733053922,0.0,0.0,25120.729496953973,1,575,Tier 3
0xedcdf2e84f2a6ba94b557b03bdfb7d10eca5aa50,27.069119703180096,0.0,0.0,130764279.68837434,2,333,Tier 3
0x239a4bf81759774bdc3d0a0244e56a667fdb81bf,27.018238463634848,0.0,0.0,656.6380521353573,1,573,Tier 3
0x0ad993a273e3b8e69ccd9a60f5a17e9765848e2c,26.76806976736422,0.0,0.0,111148.24106781399,2,460,Tier 3
0xf9a1a923773d964e9dfd00f08222857602d4d69d,26.68763794228551,0.0,0.0,1524.9752401712603,1,566,Tier 3
0xc2d7e0b95abd3e82f94a739a8ea5878e59ee7116,26.64892029375639,0.0,0.0,49.693496895948,3,350,Tier 3
0xce53b84f649ec0246f0593b9f032dff3eb657168,26.432151190095944,0.0,0.0,1724.9167499999999,2,453,Tier 3
0x589c86cc1f6043f99222843d397ea4e770841cae,26.40200972089894,0.0,0.0,2.1197678993922757,6,22,Tier 2
0x0182c66086cf516c6e7e169c43e853151208720d,26.3391080303364,0.0,0.0,610157.3700264,1,558,Tier 3
0xfff549e7d76a1a721bf8870a8cd6023e4ca9d053,26.312051367459215,0.0,0.0,49026.69576967,1,558,Tier 3
0xe0fe58a5b982f5feeb10cafc4c76bc9f9effa81a,26.311038692458315,0.0,0.0,28024.733752499997,1,558,Tier 3
0x84b3b137d888ea0bbac921218a4a645d939009b6,26.184275089895365,0.0,0.0,1718222.798772,2,446,Tier 3
0xc85793b756ccf04f2bdfed1fc3a551cad8dd340e,26.148009009517676,0.0,0.0,966097.1494501693,2,446,Tier 3
0xb1398ef2d61fbb337379795f49f5b9125605167a,25.97906776218538,0.0,0.0,472.03148,1,551,Tier 3
0x3d2fb958376ee1ca22322b2c226666e414c3cfdd,25.975320663245338,0.0,0.0,16976764.7923,2,426,Tier 3
0x453480c9b6629ad70158f218d818c63c11b822ae,25.838087436938224,0.0,0.0,416224.774339828,2,440,Tier 3
0x23c4bd335b181e6e104ced9fbd74a4248d50b40d,25.828379259299478,0.0,0.0,304292678.8312965,3,22,Tier 4
0x0fed9abf0d24888ab1f74b452d32558b3d401471,25.745440124871017,0.0,0.0,53263.37581843927,1,546,Tier 3
0x1ce6aee68a48bfc3163bb5686b7ffcbb434c13dd,25.740724955354533,0.0,0.0,2.4581779498,6,8,Tier 2
0x9ce8f85083fcf364467a827cb15730102306ed1c,25.727201626049784,0.0,0.0,75760.269606674,2,438,Tier 3
0x7e95da20083bcb74fecec9c77966c7d376b5a0d0,25.55178640680053,0.0,0.0,1.6400082312,6,4,Tier 2
0x5dc506e8bf8cdd0ab6fab477443be1032a1a8539,25.55178634102325,0.0,0.0,0.2758468972,6,4,Tier 2
0x94e8629d24fe93bd8be6f9738b1ada71e2df4be5,25.457317134760736,0.0,0.0,1.2773209844,6,2,Tier 2
0x80df6cf33178159d2cbfdd34d09e27d5172bed43,25.448908337059038,0.0,0.0,3720.135924085689,4,217,Tier 3
0xc05ed8f3adbc1007d9d8debc21a721aa951fad50,25.410084063514898,0.0,0.0,33.547973696,6,1,Tier 2
0x2e339c5a9119262916e34333d0334224fed09d0f,25.410082679746115,0.0,0.0,4.84986289915,6,1,Tier 2
0x9a190cc871364991445820b3812f60c54b2989b6,25.41008265233345,0.0,0.0,4.281349,6,1,Tier 2
0x0f7cb3fdb81e0b2a493fe09da5fa50f206a106a8,25.410082620848222,0.0,0.0,3.6283738042400002,6,1,Tier 2
0x82073f802547feeec0fd49719a3d7697fb66076a,25.41008261782728,0.0,0.0,3.5657221786,6,1,Tier 2
0x727da77e0b3a0bdbf30856df052552e6787f4aaa,25.410082617358853,0.0,0.0,3.5560075885868345,6,1,Tier 2
0xb5fcc1c11653566b83fd2ee849a3337592d28f76,25.410082608582478,0.0,0.0,3.373993444,6,1,Tier 2
0x48b93c1c67a98267068d1e687ba3a9e1593fc1a8,25.41008260426595,0.0,0.0,3.28447256671,6,1,Tier 2
0x3977318f07f3c7136395397d97b710d0241a2a2e,25.410082571700816,0.0,0.0,2.6091012,6,1,Tier 2
0xa00d8616eaf858394cace2a51331e70ab22d7333,25.41008256594463,0.0,0.0,2.4897231772605,6,1,Tier 2
0x80bb6faa87b9ae4f5f6e192eb497400b859c4f15,25.41008253585909,0.0,0.0,1.8657762425679338,6,1,Tier 2
0x687922176d1bbcbcdc295e121bccaa45a1f40fcd,25.410082507336284,0.0,0.0,1.27423910931435,6,1,Tier 2
0x21c69ab0962fabd811b1f376ef85f5cae5317eb2,25.410082507174163,0.0,0.0,1.270876873,6,1,Tier 2
0xa6afebe6b3545de9148ac7078fb4d548f342fc78,25.410082484781714,0.0,0.0,0.806477821,6,1,Tier 2
0x2e36623b7ffb5829e6d61bc4d5f70aaca4c1c4a2,25.41008247976008,0.0,0.0,0.70233371406,6,1,Tier 2
0x26fdc242eccc144971e558ff458a4ec21b75d4e8,25.41008247095229,0.0,0.0,0.5196679651128899,6,1,Tier 2
0x46885051db042ed7640de655e286c37bc102d197,25.410082460844034,0.0,0.0,0.3100319714,6,1,Tier 2
0x1d3c1d430eab47b7af96a4a5bd5fc96ced493682,25.4100824575334,0.0,0.0,0.24137247029,6,1,Tier 2
0x8d5ba2b764356ddc9997fed94dcf83367e8a10a2,25.410082453086037,0.0,0.0,0.1491382118395,6,1,Tier 2
0x6ea2e492a7128508d609de8d9e562c611e587b33,25.410082446050907,0.0,0.0,0.0032360335506,6,1,Tier 2
0xb34140657321ece23e9c1a092c8cc8ab7570a503,25.373933527372245,0.0,0.0,185380.12958900002,1,538,Tier 3
0x3b2d932cffbaa03d6b3b5443c1dcc8f0a87d98b2,25.327846616599263,0.0,0.0,609929.5649444837,2,429,Tier 3
0xf5790da033cfc81fc6b858e17de8a3c7e307010e,25.312254194362122,0.0,0.0,6164177.100508,2,423,Tier 3
0x22dd67aaab8a51adc1ccb23b98758c878281fa10,25.251989819275817,0.0,0.0,16331.690350561039,2,428,Tier 3
0xfa5107a4c8c1ec1c9c793a2b8af4d5b71b8bbb31,25.225184192738265,0.0,0.0,39263.821688695796,1,535,Tier 3
0x00000000000747d525e898424e8774f7eb317d00,25.22420537411066,0.0,0.0,10215744.588034926,2,417,Tier 3
0x8e445422baa49c7b98645e918577de7d48280384,25.144299744574493,0.0,0.0,142890.69368232574,3,318,Tier 3
0x185896ad03bcbfb83c4f0484cf53c5319cd46f9f,25.132104706388862,0.0,0.0,68086.3550496921,1,533,Tier 3
0x55d380fbd543885a44f3312e5617c05c95adc11f,25.108335287968618,0.0,0.0,1756974.0316327042,4,208,Tier 3
0xc8d656837d7ec6a1c19e3660981e2149b8cb0110,25.08231162299464,0.0,0.0,15026.293161299414,1,532,Tier 3
0x2a3fbc6aba2b9cb050d7b28fc12bdeb00bb8161d,25.0211379023272,0.0,0.0,126688.960223,2,423,Tier 3
0xe4739a2423433e7bac9ba7ea5c4314de86a60142,25.018856603394156,0.0,0.0,7916203.881583399,2,415,Tier 3
0xa248fef7dc77f31dfc75362b7ca56ebb18967be2,24.982901510292617,0.0,0.0,313304.2065661975,2,422,Tier 3
0xd050e0a4838d74769228b49dff97241b4ef3805d,24.96140982926958,0.0,0.0,271618467.7277653,3,37,Tier 4
0xe9e6d5663ec820bc5bebaca5555120ab6b4a437d,24.950784360540045,0.0,0.0,33532594.884680845,1,495,Tier 3
0x3e8fc47ef69125a18e34f32733287122b33323bd,24.892828545447646,0.0,0.0,3732.437029733832,1,528,Tier 3
0x5d95baebb8412ad827287240a5c281e3bb30d27e,24.873708589178563,0.0,0.0,7948.701965690714,2,420,Tier 3
0x97ef1eb31a66e35ff1884acd15ee4616de54a5e1,24.84241747516643,0.0,0.0,338602.7219497705,2,419,Tier 3
0x28aeab635aaf4f68d0f88834c8637174257d942c,24.823109468935034,0.0,0.0,739665.8359814695,4,203,Tier 3
0x660a6d7ee594b207139999cdd8f03217d193c7fa,24.74595033543604,0.0,0.0,297168.3934629807,2,417,Tier 3
0xfcc08561b2ac9ccd118f71fcf0e92ebc4139761f,24.706246141822977,0.0,0.0,52595.92998536091,1,524,Tier 3
0xc134c9ef7bbb25729e51a4dcbfabf825be9cb514,24.6787118936316,0.0,0.0,2821117.5268260287,2,413,Tier 3
0xcb8f47673731ac92f8028f32c0fe947f09f357e9,24.658649107375588,0.0,0.0,45079.933594999995,1,523,Tier 3
0x444624b9777e41e648c4019cc86cf0b6738f39bf,24.52997082151,0.0,0.0,196235893.8507903,1,320,Tier 3
0x61fd0d043d519f5a2bd05785000f30db96809429,24.489432512980613,0.0,0.0,1656335.08105619,4,195,Tier 4
0x4324d1e75c2700ca852f7040d4589abd706e3839,24.420373508116704,0.0,0.0,1476.75834,1,518,Tier 3
0xea716ed94964ed0126fb2fa3b546ed7f209cc2b8,24.416074351509597,0.0,0.0,5211079.851817337,2,405,Tier 3
0x6b5aa4610ded7e3af7412183f7f5e1f74712f31b,24.279039531807765,0.0,0.0,9148.263654999999,1,515,Tier 3
0x4a8646c76d404fad04ee39eb213ae6174636c51b,24.26786379392438,0.0,0.0,10.715891119,4,192,Tier 4
0xed955025160c683e5ab2c743287c0b6fa0e72ac6,24.233021638129014,0.0,0.0,435129.0510142315,2,406,Tier 3
0x8f2ac88bd3080b470648d2205142c37fa16dfe58,24.099104728102823,0.0,0.0,17767.25168574983,3,296,Tier 3
0x023024a2471817d43c80a6d6ebce522e7150c64c,24.064993904079408,0.0,0.0,868799.5800972225,2,402,Tier 3
0x1aa18a80822b3fbed557f279b8666bb4962ad6de,24.028221253568677,0.0,0.0,685024.664532,1,509,Tier 3
0x9c5d85106586cce611cc27612b7095dc29f18681,24.004462198179557,0.0,0.0,192283.38188677267,1,509,Tier 3
0xc5b77090b8c508c1a673bf7cca3cc6abd29ce799,23.949283221747827,0.0,0.0,27524.778114875622,1,508,Tier 3
0x1d1faab187faab135a334668b3ecffaba7e0680d,23.929205010438732,0.0,0.0,11867.701717171447,2,400,Tier 3
0xb34e48227beb089b67541e918d9a9307601b886d,23.8814838096752,0.0,0.0,402523.44336431555,3,291,Tier 3
0xd84ed0cc0a385337a9c98c9d0eb30a952f3970af,23.850540844581676,0.0,0.0,4258064.418720859,2,394,Tier 3
0x68d7997f124476b27e1352351430ec1e53838b6b,23.839837695855454,0.0,0.0,117677.31421411337,2,398,Tier 3
0x647b7c01039016d7e1f487a5a1be2cec6ad63379,23.827197935394526,0.0,0.0,256286.969039,3,290,Tier 3
0xb165b180404aa7c11ad8cb202da496de8f851dd7,23.75902829471134,0.0,0.0,223.46288062052798,1,504,Tier 3
0x9ac60bd825eb8fd0240e4daf2646c1050830013e,23.62881600255259,0.0,0.0,21210966.31609365,2,372,Tier 3
0x4fa42361fb88b49171a2014f97538adc3ec2f845,23.504979462586174,0.0,0.0,30244.563744967796,2,391,Tier 3
0x0396dd6acc42ce2f0733e2e6fed7cd157ec930c1,23.469606474247936,0.0,0.0,276244.2084560843,2,390,Tier 3
0xe0fd3b1d80e49fdb1fdbef66a6428819bdf51160,23.46707186656194,0.0,0.0,38828957.17376687,3,243,Tier 3
0xb0449ec1a8a60f95322617d6ed52e1ba1a7beb49,23.409088887589043,0.0,0.0,72892164.197981,3,207,Tier 3
0x661d04cb9389df28b070d2b113af85e4a31b7b91,23.353745558510713,0.0,0.0,233347.37163,3,280,Tier 3
0x146113e0ec17bd31739517783e843dee6221997c,23.247472038203618,0.0,0.0,567394.1340912506,2,385,Tier 3
0x93f218978318c6cdbcd8f0b7df2cbd65662fa64d,23.240028648301728,0.0,0.0,12278.13643172049,1,493,Tier 3
0x01c48862ae9de8306dde1c29c2c7131e40817b84,23.133304470777986,0.0,0.0,7594949.131503507,1,483,Tier 3
0xed0da42ef260bf6a739a7fb9dda720d5124298dc,23.13299424116268,0.0,0.0,3491992.04877159,3,272,Tier 3
0xc86c66c430d40523a126795b9f03242740583d12,23.106164635310382,0.0,0.0,17228874.110933043,2,365,Tier 3
0xd01c38292139812405e5e0cf1d8a0e5e6f4b3b3f,23.03149674868762,0.0,0.0,3524342.4663658473,1,485,Tier 3
0x3f1f8aece325e9b940d97f04d3f42ce90f465eeb,23.00332605789063,0.0,0.0,1297.739506,1,488,Tier 3
0x5deb8b6f0147be8e6128cbb9a58c2ccb506ff58b,22.84189769103789,0.0,0.0,7829803.620088583,2,369,Tier 3
0x0055ae46f700bcc53b1b00483d64000d47007200,22.7338137888244,0.0,0.0,2649431.291235995,2,372,Tier 3
0xfd9bf800491f005194cec958edd70b5fbf3a6281,22.60856809201569,0.0,0.0,51949.014244018326,2,372,Tier 3
0x00641ed1aae8a9700fd3fd4d899f2577d1ae6b22,22.564670281426626,0.0,0.0,922645.2389880761,4,155,Tier 4
0x00b35e49de29b61fa3b0ad8d8be308543db89520,22.542428847293216,0.0,0.0,1218344.2899655574,1,477,Tier 3
0xf0cb5dfa74671dd759b937c198c3581b86f2282d,22.496916433205357,0.0,0.0,96348.35242028089,3,262,Tier 3
0x138953972e3e09ddac1e3da5705db6c00e00a8c8,22.470298548924063,0.0,0.0,123174.08805530999,2,369,Tier 3
0x88c0669288d903e05d641922ca2ec008fe21ab94,22.436805659625172,0.0,0.0,7418.4485017708885,1,476,Tier 3
0xac997f24ef9f5fc2a3c050ea14d1d017db20a1d1,22.35420161377887,0.0,0.0,253492.12696245848,1,474,Tier 3
0xe37e799d5077682fa0a244d46e5649f71457bd09,22.350867414320017,0.0,0.0,6234.146612951146,3,259,Tier 3
0xbee1cdb0de23afe4b81d41dfd2f956e4b611b694,22.324054218090737,0.0,0.0,29009.289402735732,2,366,Tier 3
0x785646b4cd4e8663de2ef22fec1a0eb8ff0be590,22.30448742128727,0.0,0.0,202068.19091776,1,473,Tier 3
0xc37704a457b1ee87eb657cae584a34961e86acac,22.25362788763491,0.0,0.0,4446051.249003151,2,360,Tier 3
0xa19a55a1587c4f40246359276cabe97cce6be854,22.005314952189053,0.0,0.0,275869.3180676122,2,359,Tier 3
0xaa6e8127831c9de45ae56bb1b0d4d4da6e5665bd,21.982011582899588,0.0,0.0,40535173.437588654,1,425,Tier 3
0x8fee918a232f1063a8f97c008882fa8c58d00cad,21.88560665380017,0.0,0.0,732037.7901972181,2,356,Tier 3
0xd9c59e1f1a98aa02420b39c3c7dd5cdb396a3a2f,21.835151164746517,0.0,0.0,1644843.4093752252,2,354,Tier 3
0x133264755c2db625d8782a0e7eae8a40d565e981,21.77564842621419,0.0,0.0,10063.687812693948,1,462,Tier 3
0xb7f499c2a131bf1e9e3e529d5009852aaefd5f02,21.72840623196389,0.0,0.0,9906.7556185,1,461,Tier 3
0x93233301de604ccddce30dbf84bcb4df2a3bd039,21.64560119097213,0.0,0.0,73702.27245080001,3,244,Tier 3
0x62953ea46529da0d5f1471b90a0a757b52ea4a69,21.594948614777042,0.0,0.0,2817.108588142496,3,243,Tier 3
0x2c2fa8a0b0aa01169d1f7e2dc70829572c263d58,21.50893272966854,0.0,0.0,22.6275206925,5,26,Tier 2
0x3e61c2bb09954fb21b366dd25685f0a2dd8d322b,21.492078147100354,0.0,0.0,6693.264440521594,1,456,Tier 3
0xa4aa5a48deaec454a66fd2472202cfddafaab67c,21.466489835678946,0.0,0.0,455618.2433157799,1,455,Tier 3
0x1344a36a1b56144c3bc62e7757377d288fde0369,21.406336929400453,0.0,0.0,36655666.82030917,4,94,Tier 4
0x9cc4e339a7636c5dcc7b039aa7ca29dd920bcf7b,21.35578124701487,0.0,0.0,519576.0018872336,2,345,Tier 3
0x555299d4f325fab347d0ddeec4d8e8f2b6fe235e,21.28504445855911,0.0,0.0,32162.472390373707,2,344,Tier 3
0x5c072afdc73bcb793d8fb9945fa6328591f7bf5b,21.235376613913743,0.0,0.0,3900113.245852,2,339,Tier 3
0xe4cd9aa68be5b5276573e24fa7a0007da29ab5b1,21.132135474275437,0.0,0.0,6256255.584577,1,442,Tier 3
0xedbab5dfaa165919dfa94101c266e48c4e82d8fd,21.122512487005128,0.0,0.0,953.5970201200112,3,233,Tier 3
0x99f4490f91a6e87e1666cad6bb16df074e41b19b,21.113947822056698,0.0,0.0,981043.2844364432,1,447,Tier 3
0x48f78003f2fd9575f7a75d8591eab4788e50a82c,21.075573767448873,0.0,0.0,7090.455026855911,3,232,Tier 3
0xb18113e0f7659b6547d966dd4e5a983b9c74b40d,21.068197373568314,0.0,0.0,32220.433504400004,1,447,Tier 3
0xf1d1ccf5ecca0219c4ac845b5b8f369349a012d5,21.022214453155833,0.0,0.0,17112183.897680532,2,321,Tier 3
0xf197327c8742283e6bc47dfaf724fbe92f4db843,20.900499049089326,0.0,0.0,116503.20979768649,5,13,Tier 2
0x65935e17aa6530500b219c98118de1c14641eef3,20.85838957323839,0.0,0.0,157.0763515262077,2,335,Tier 3
0x336f973e4f49c786ba66a9e4b28ce77b878c439b,20.83322028910611,0.0,0.0,57025.46661966352,1,442,Tier 3
0x93907de38066d70109935732757b625d636e47b6,20.70594355981919,0.0,0.0,12.130223099352559,5,9,Tier 2
0xb4d391d0cf3eef9e2cb0b940ba04b63c27c041f9,20.705943032071918,0.0,0.0,1.1852228495500001,5,9,Tier 2
0xf71b335a1d9449c381d867f4172fc1bb3d2bfb7b,20.684804067199273,0.0,0.0,3658121.407624941,3,220,Tier 3
0xb9199558d1144d06a3bd62008de728d858d88109,20.653986525131362,0.0,0.0,881677.053375324,5,7,Tier 2
0xb1a34e40936b9ca51489bd7c8ec4099b4dcc773c,20.64190676965377,0.0,0.0,7769.90378411,1,438,Tier 3
0xf79998ad9b7b61294a1726f11f4897cfd9ed20e7,20.61147393074694,0.0,0.0,4.3630062034111265,5,7,Tier 2
0xad0fc281ac377794fa417e76d68788a56e3040f0,20.59647275756907,0.0,0.0,7703830.321377258,3,214,Tier 3
0xdd0aa164291f5780522d7efe334b2ab342096555,20.5642391177327,0.0,0.0,0.51096031,5,6,Tier 2
0x0e0ec712b3912b5601216455a158cf18152cb62a,20.556762811065127,0.0,0.0,201168.0931745016,1,436,Tier 3
0x53fb0162bc8d5eec2fb1532923c4f8997bace111,20.551199811595904,0.0,0.0,34772661.459510446,2,293,Tier 3
0x123d8e021ae05a1a2c6ac935c5678f2d2a0973c1,20.528731777733082,0.0,0.0,51939555.53088504,2,275,Tier 3
0xde6ccca84010b3f450ec7b95501c4cbe98ac84e9,20.50266418572315,0.0,0.0,3398371.95,2,324,Tier 3
0xe257e2f1f544dfda152ba508bdd87832cec1406c,20.484416730612423,0.0,0.0,659982.68,1,434,Tier 3
0x67a753ba87a78ab82d7487b6564c537d14332b7c,20.469771173984924,0.0,0.0,27.695846139055266,5,4,Tier 2
0x77fbb383f424f98e744cde82a3b41f23dc1fd82e,20.469769904057664,0.0,0.0,1.3587053121200001,5,4,Tier 2
0x35fb598a156a57773c8d24bc3d0ab61178d8bcea,20.45458264452599,0.0,0.0,41250.764778,1,434,Tier 3
0x23461e24f1d7601a674ab672adee0b4459302214,20.422535453446343,0.0,0.0,5.02256763,5,3,Tier 2
0x75697d4802423fdab397abb3f5de74cb311b3a6d,20.42253528632213,0.0,0.0,1.5565627941295075,5,3,Tier 2
0x0b498ff89709d3838a063f1dfa463091f9801c2b,20.41593353461865,0.0,0.0,9035736.984996514,1,424,Tier 3
0x0531fea6d198171c7a1dbe559307b051222c8ca0,20.37530081487258,0.0,0.0,4.788259165,5,2,Tier 2
0x884cbffd05e8ff75379ddd71fa74b747d251b67c,20.37530066212571,0.0,0.0,1.6204273771,5,2,Tier 2
0xcc72ffa1f471360dc6964fe6b9e2907d7ca55c28,20.37530063003741,0.0,0.0,0.9549451847220313,5,2,Tier 2
0xb99a2c4c1c4f1fc27150681b740396f6ce1cbcf5,20.35547756063868,0.0,0.0,25236685.891671784,3,191,Tier 4
0x9064f45ddb3875b83ce86602330e493e6abda6f1,20.32832734743367,0.0,0.0,183530.71107849013,3,216,Tier 3
0xe85a04cc499d97826254d76cbb97ffc150f0a44c,20.328067444384292,0.0,0.0,30.85289446013217,5,1,Tier 2
0xd0dbcac7574ecfbbeea3c42b4b1dcf48dc7470ba,20.32806637588562,0.0,0.0,8.693200137055001,5,1,Tier 2
0xf60a5daa25c16ab7d9d34ac23ec5006eb179c739,20.328066243737126,0.0,0.0,5.9525600999999995,5,1,Tier 2
0x78eadf900c1a2d157edf4f34737f3caed5d5dec4,20.328066128387647,0.0,0.0,3.5603164,5,1,Tier 2
0x7e1d89efe0d75b659fece9159801fd9df37c0ac0,20.328066125346247,0.0,0.0,3.4972404577000002,5,1,Tier 2
0x451bf8386e62b9a2ac15dbcb5b2af496ddf5518d,20.328066093065985,0.0,0.0,2.82777708198,5,1,Tier 2
0x2fc949862444df65a64a8d501d2409bad5429ca7,20.32806609214842,0.0,0.0,2.808747637,5,1,Tier 2
0x7395987b2853e625bd12b43aee453106089dad6c,20.328066085912976,0.0,0.0,2.6794301999999997,5,1,Tier 2
0x973182af9ccfe1d90173df9eab1acaf3dd4eaa49,20.32806608104936,0.0,0.0,2.57856319464,5,1,Tier 2
0x9628f11c8fbf15df1307ad5284398ad7dcdf573c,20.32806606879376,0.0,0.0,2.32439314,5,1,Tier 2
0x234980496c21e6d618a3b44113b61bb4b39096ff,20.3280660321411,0.0,0.0,1.56425014525,5,1,Tier 2
0xbbc64b125d9582ac40850f81016eedabdf69ac02,20.328066028426875,0.0,0.0,1.4872204949999999,5,1,Tier 2
0xd50cbde55f8da4e8cf94f38deae2c722a5bd156b,20.328066025451854,0.0,0.0,1.42552129,5,1,Tier 2
0xe699e8334d901986d9ff6bc5ae4b44ae5122f1ee,20.328066016368183,0.0,0.0,1.2371341847,5,1,Tier 2
0xf8926a177273202755f9fa930c96285e612375ac,20.32806601164911,0.0,0.0,1.1392648398473,5,1,Tier 2
0xcc0fac1f6299886e9406b1532bc82e63c555bf30,20.328065995233967,0.0,0.0,0.79882969615,5,1,Tier 2
0x9e3eaed4961fb5cdf20682b148cb0c918a60f6fb,20.328065994280777,0.0,0.0,0.7790614375,5,1,Tier 2
0x8fbb54606676ba5f8edc6c4c88ef29b86d58774c,20.328065987805672,0.0,0.0,0.6447735490000001,5,1,Tier 2
0x3be4d16e39903e13fbcecef3c2f734b779867b47,20.328065985787806,0.0,0.0,0.602924861,5,1,Tier 2
0x9b2ca0b27415ab8ffa9d7ff2065c9bde53462f46,20.32806598423866,0.0,0.0,0.570796971,5,1,Tier 2
0x068d34abaad66e91bd02efb90e780d9f459d52f0,20.328065978734248,0.0,0.0,0.4566404722205884,5,1,Tier 2
0xfd1bd701afb8da8b0347fd6f9af61fc899890935,20.328065974840744,0.0,0.0,0.37589268400000003,5,1,Tier 2
0x75068fa078ad6570af588c73e66a43e021b57462,20.328065966669843,0.0,0.0,0.20643568337499998,5,1,Tier 2
0xc6571c2fb66825f13b7751b1c334810d397618eb,20.32806596628146,0.0,0.0,0.1983809352,5,1,Tier 2
0x3cfa7505b674a690f992ffe62f916d530354478e,20.328065961102617,0.0,0.0,0.09097635800000001,5,1,Tier 2
0x11a0f7449c4e1cb3200bc63ce4e75f4859205230,20.328065957766807,0.0,0.0,0.02179473653,5,1,Tier 2
0x0da7debf7da2a0f63e5feadca685b75d161214c2,20.26216421696426,0.0,0.0,2329033.992341174,2,320,Tier 3
0x07d237d97d25fccc81b23c0464b851eb77da4e5b,20.19949608048926,0.0,0.0,49750.246,2,321,Tier 3
0xca26d96b45111a130af78d69e1db283975547d67,20.169238721682493,0.0,0.0,1096.57740533,1,428,Tier 3
0xf9cb2124e95418c0e135771acbddc2d60d7df6ea,20.08970811103873,0.0,0.0,2492754.3964843443,4,101,Tier 4
0x70f979db5da1ec899b3b4f05d64b871e774704b2,20.04320482569465,0.0,0.0,9543255.09,2,308,Tier 3
0x051d091b254ecdbbb4eb8e6311b7939829380b27,19.992453698867397,0.0,0.0,60810448.37342723,3,147,Tier 4
0x40b69fc793f30f7d83c0bb522cd085465b80357b,19.904348649228957,0.0,0.0,207027.0111526998,3,207,Tier 4
0x479bb9de1055f7fa478e79b8034d6afae44ca9f4,19.890995398089935,0.0,0.0,1087805.7595199998,1,421,Tier 3
0x1d24eeb33f344c7982fad01abcd5dd9ae1f1c6d0,19.744081637502948,0.0,0.0,154.22,1,419,Tier 3
0x75cacaf3204e911cee3fe0a20fdbadd2491316fa,19.73514904787633,0.0,0.0,1996744.2833329441,4,94,Tier 4
0xc81f8161578c59b052f854279b2335d22f639406,19.588399177094036,0.0,0.0,110998.0,2,308,Tier 3
0x3cee2d93a0a36bcc58e485dcfb2d9472da300a5c,19.444034056125183,0.0,0.0,1614266.2249852247,1,411,Tier 3
0x4c09dd7c598b12c781c4b5d74d245a1784a2e148,19.430206469701517,0.0,0.0,28578279.386351123,3,168,Tier 4
0x11b5421ff2724f2abaa2a6aa31e0f9893fb55475,19.403058798995044,0.0,0.0,7510.272644302428,4,89,Tier 4
0x958fde336a3e44447d9c24254f1537f1eb19a69a,19.31896872319417,0.0,0.0,127.90569570228877,1,410,Tier 3
0x0f1b4a5ccc852a611155c25a42152c4fe6601999,19.29619575571842,0.0,0.0,908187.40219,2,301,Tier 3
0x8e12eaad968b97f99ef1508e8cd335cff1b4163a,19.243505491613927,0.0,0.0,394295.60233009997,1,408,Tier 3
0xf2b07a31316ee4eca5c14c5f237a9903b4806236,19.20534912279644,0.0,0.0,3713.9183392985033,2,300,Tier 3
0x85be8a2dc0c1a59795bbba5864166475fd1aba84,19.181502350054195,0.0,0.0,23999237.81455938,2,275,Tier 3
0x406d5d42368dad82f43b1eeea75f82391393af3f,19.13029590800801,0.0,0.0,5638.156815838672,1,406,Tier 3
0xb3aa47e78d08e4b1b397323658e482517072e688,19.11932076764058,0.0,0.0,660.8197879044301,4,83,Tier 4
0x299d44db16ac32e114d1d6d9dd17b33a2432127a,19.0648415257684,0.0,0.0,28523.7812258343,2,297,Tier 3
0x0202ed9ff0d505f9b064a610199a001cef9977bd,19.035562577189957,0.0,0.0,161.45430948,1,404,Tier 3
0xb91ac9981eb3dd949fc793bc58114fd37c480d55,18.975909808720832,0.0,0.0,143367.2919545463,2,295,Tier 3
0x158b4780bce7de7b7711e4e41d3947c12bb0419a,18.913820884102922,0.0,0.0,414159.16269100003,1,401,Tier 3
0x66b870ddf78c975af5cd8edc6de25eca81791de1,18.87502504241709,0.0,0.0,75840522.04619256,3,108,Tier 4
0x17a8247d9ecf985b0d641b14e3c084b8a671dfda,18.806063087314275,0.0,0.0,138566.83635149995,1,399,Tier 3
0x58cc4b6f5fdfea38f2624a017e968b470d6a4804,18.788656981447666,0.0,0.0,217.10143929167285,4,76,Tier 4
0x3ca57a0410f997a368113c68a0cd15e552c7bf74,18.734780639034344,0.0,0.0,1999790.4,2,288,Tier 3
0xcdd681467221379db0caa005fbfb5c899384aaa2,18.681600461975712,0.0,0.0,496134.8750492,1,396,Tier 3
0x0efccbb9e2c09ea29551879bd9da32362b32fc89,18.67162258484278,0.0,0.0,5988713.28477995,3,175,Tier 4
0xf748879edbe8cca140940788163d7be4d2a2e46a,18.62368007961992,0.0,0.0,96412.2917579624,3,180,Tier 4
0x69db58eac43610061f2582340857b77ba8611371,18.49793219302293,0.0,0.0,605434.8808420149,1,392,Tier 3
0xcff4c7c9f07458042f1e546db01c828fa2c01fb2,18.421962709665554,0.0,0.0,9500.0,1,391,Tier 3
0x896aa8cc59ea595915ad17b32afff0e1f4748211,18.333627580649033,0.0,0.0,537463.0409107883,2,281,Tier 3
0xf5f18f9ad7ae1d4bc6df279d6907c86b1e23bdb4,18.260478217590414,0.0,0.0,14.899986,2,280,Tier 3
0xe9bf81b432e5bf34995afae08747c530c8406c4d,18.169545011531717,0.0,0.0,51992328.179475,2,225,Tier 3
0x17361d60486c4512416a8090e1bf4e90d2b4a5a2,18.127362045390466,0.0,0.0,6.512628706002283,4,62,Tier 4
0x5f16b6e3b07ccfaa3892c83e48d7e73e86fa4c2d,18.071550225124263,0.0,0.0,233.00551422362466,2,276,Tier 3
0x2c075d4b23e700b7cfcfe01e09389e10c77f2917,17.954430535512504,0.0,0.0,510086.878356,2,273,Tier 3
0x3c8ddd0c29cdcdb8d07c894d9a286f2c074e165e,17.938491300024843,0.0,0.0,1411.8711551199442,4,58,Tier 4
0x2bf15737b67a55aec46087f9f42e10bdfd12117c,17.86328581036877,0.0,0.0,178.06684041913013,3,164,Tier 4
0x5cb61bd967ee38f79b79a05b30cd1b4d31511be4,17.855010347128154,0.0,0.0,6662.161363034194,1,379,Tier 3
0x15c022afdd48d69bf8105468afeff886a6997063,17.835368106151634,0.0,0.0,46.714666,2,271,Tier 3
0x621589f3918f0214a2280a86f698bb4464ec20c8,17.827759186681234,0.0,0.0,421101.15802,1,378,Tier 3
0xa601d32d1f17eccefb45609d55c20a568dcb727c,17.792561175819507,0.0,0.0,91873.13770693069,2,270,Tier 3
0x81ad046ae9a7ad56092fa7a7f09a04c82064e16c,17.74090286746167,0.0,0.0,130.0,2,269,Tier 3
0xd1dd25c279f65598b9dae8b07807d3e5392a5e38,17.488930001806484,0.0,0.0,251314.46900607392,1,371,Tier 3
0xe87281e23f28cdbc07c1f4900ed539bb95c1fd4e,17.36479232667211,0.0,0.0,437511.9761113459,3,153,Tier 4
0x2696276e2bcb087eb59eb0e0277b971f33fe356a,17.343953654705988,0.0,0.0,4101860.001324,1,364,Tier 3
0x7fa27033835d48ea32feb34ab7a66d05bf38de11,17.32947295117309,0.0,0.0,3623433.625409034,3,149,Tier 4
0x3d4b149d4177d057462a91e7a76bb325b98c5ae3,17.30319329345229,0.0,0.0,317716.9156564,1,367,Tier 3
0xf8f51e820656c97ecad07ca6414a10bbc5dae6fb,17.30123405755227,0.0,0.0,98974.43377572704,3,152,Tier 4
0xead7907d7f84e7310720c4b7f2d4178690fd2349,17.26961801468688,0.0,0.0,22142.888796928943,2,259,Tier 3
0x7e35fe41789a6bc7668b8c5a44928b29ed7f41e2,17.248335129403287,0.0,0.0,961105.3399157238,3,150,Tier 4
0xa394a33166ca7d4cb3e49c89baea0e00e95fbe5c,17.210691463074006,0.0,0.0,759266.3454294658,2,257,Tier 3
0x65a11139405b3f31aee5137110b0f8609c23cf39,17.15926511640726,0.0,0.0,1651937.2573261228,2,255,Tier 3
0x5aa801fcb75432f1682ab67effb02ab962ce288e,17.158706410800033,0.0,0.0,260000.0,1,364,Tier 3
0xc2790aa783608ce2a1ef3a82dfab3a5583d6893a,17.13495795803545,0.0,0.0,1147828.8154110466,2,255,Tier 3
0xe79fe94ad715d7efcb6dfb1a53051721ac0e7270,17.107960818721814,0.0,0.0,9076.06657861942,3,148,Tier 4
0x6388bace52deaa3ea111a879edbab79ef285ab9e,17.08726129455024,0.0,0.0,158643.22875,2,255,Tier 3
0xafa788fab589fe61c23df76905558f4734444d67,17.08014332168982,0.0,0.0,4508292.957156,1,358,Tier 3
0xe53bf45ae80043b4623e4879806f175318f4608a,17.051723101746347,0.0,0.0,3340026.8053971003,2,251,Tier 3
0x8a24c2aef06d22aa8307cc9ce37ff7cfba5fccae,17.040976792390474,0.0,0.0,238.25841077517532,4,39,Tier 4
0x2b2aeded9d2f20f72ee4657a3de37e1486220dfc,16.95897243248862,0.0,0.0,1817208.7936792166,3,143,Tier 4
0xf4389cd022a0188035f366426364cc079695c436,16.95768960095797,0.0,0.0,9506.985834708232,1,360,Tier 3
0x64c666e0e8dead91bf07330df2c31ff64ebbaf23,16.941696600259302,0.0,0.0,3596240.138453609,1,356,Tier 3
0x58e4a865d0bb317fff4bdad1e0953e37eaff1ae0,16.868517668879175,0.0,0.0,520115.4893923289,2,250,Tier 3
0x73dc936eb57cc024f2a21c2ba3549e7328baa3f1,16.83942826031804,0.0,0.0,1475287.4249999998,1,356,Tier 3
0x3175f8cb88149021e66ac301626f2447f881a6ed,16.835697215483716,0.0,0.0,418305.56123700005,1,357,Tier 3
0x8de07a32081523a274b54202bb2ad32f1fb14d26,16.756678152270496,0.0,0.0,738728.5314499999,1,355,Tier 3
0xa866335a0b91b4b48e19ea32b3a1ade4a7478a3a,16.721793428601366,0.0,0.0,15250.96873,1,355,Tier 3
0xf4351edbe69df03b166ff097ad69d7054610fc71,16.701898544500917,0.0,0.0,3395.9325418440003,2,247,Tier 3
0x8996d4152a2e8957517b2bb8022e7178068c4032,16.631138747867187,0.0,0.0,495108.6085715841,2,245,Tier 3
0x00d29fbc981d05edba69bc0909e391a132271357,16.62770885689318,0.0,0.0,23228.942375057322,1,353,Tier 3
0x940148c721c7a0ff2f28668d56e52a8d3dd6832b,16.626596723636787,0.0,0.0,164.30624996552575,1,353,Tier 3
0x33f7e390230f42d14741ba17f812d6e4157ac007,16.603862940950727,0.0,0.0,1309783.294718,3,136,Tier 4
0x11b50686d3983c14c0d0972a5e46e38e0d9b2e14,16.599915124560987,0.0,0.0,40590153.835676,1,311,Tier 3
0x5d47e03c5dd287cc54b724172fd8ac6c284da8ad,16.580342444039452,0.0,0.0,20495.82889,1,352,Tier 3
0x65eab5ec71cec12f38829fbb14c98ce4bad28c46,16.518696729439256,0.0,0.0,5999990.015172,2,237,Tier 3
0xebda5629fb541c474313a41e40018f8f5ed3c344,16.49785601580217,0.0,0.0,90899.08558135173,3,135,Tier 4
0xa3fa88658d7f6ceea0288033e85de77d3c02f779,16.461776185341712,0.0,0.0,722986.3000266307,4,26,Tier 4
0xfa54819a189b32b1c98af9086cbe715fb26bb415,16.4377581256045,0.0,0.0,2236.3713436666667,1,349,Tier 3
0xda47cc26fe92ed500e02229a557cbb4e2058e205,16.42677691207279,0.0,0.0,175242.7868075968,2,241,Tier 3
0x342491c093a640c7c2347c4ffa7d8b9cbc84d1eb,16.400528428385392,0.0,0.0,160285826.4005817,2,77,Tier 4
0xbaa6cd4a9a84532ff42e6eff1c90eebe4c8e6764,16.393548746279297,0.0,0.0,64977.2729118074,1,348,Tier 3
0x9ed49fcf22798f79f59cd78c26d26f35a98c385c,16.282863920804843,0.0,0.0,1109031.2327978997,2,237,Tier 3
0xe56f440a14b357a5cc74466c3db34f9549c1f9b2,16.27664161165509,0.0,0.0,382.8042625337804,2,238,Tier 3
0xf92b685fde4c54fbaf71479c92d50f8d40f728a4,16.15533095857515,0.0,0.0,423319.891861391,2,235,Tier 3
0xf4dfcd61c36fc3ac374e52206c43253e14c2ffe2,16.1388034991898,0.0,0.0,2039762.1069639628,2,233,Tier 3
0x5ff910c34db2ae9eeee29cf6902197cbc7b6812d,16.124550584482513,0.0,0.0,3124519.7785575,3,124,Tier 4
0xe3fd178796d15a9fd3bac5cff96686a5d1ac490f,16.116190494875177,0.0,0.0,14305632.751055,2,220,Tier 4
0x4dac5d1f8ffbdc32d1f9c133327dc611ae7871b9,16.10261792548776,0.0,0.0,888559.2582169999,1,341,Tier 3
0x675d37489a7a64c051d0204e5c72a469f6558a47,16.09342584258843,0.0,0.0,4037480.744888,2,230,Tier 3
0x1515769e09147f635a4bb55d2d144a2463539506,16.091376887180278,0.0,0.0,655430.3082997227,1,341,Tier 3
0x10dec1d38b3d528efa5e8480ff516ce9740b5c97,16.01254197008974,0.0,0.0,68.92796565031506,1,340,Tier 3
0x7dcf58dfaed4c46b64f96e189cac835b9095b477,15.998754616319882,0.0,0.0,3053688.66017867,2,229,Tier 3
0xb4c668d7bbacc6030a26b76ad321d18152ab4ed3,15.98564399581606,0.0,0.0,243722.981446,3,124,Tier 4
0x2c3b941f40bfef0d4e0711914d2eed9eb60151ff,15.864712403849987,0.0,0.0,6730251.403278001,1,330,Tier 3
0xdaa712a2683c7ecb66c70aa546609dbd43bd4d69,15.852595612243976,0.0,0.0,22483.338292,2,229,Tier 4
0xa150a825d425b36329d8294eef8bd0fe68f8f6e0,15.823605481218125,0.0,0.0,110.8257425517334,1,336,Tier 3
0x4910e27d96ea908f492f4841443fc2061722aa3c,15.784180939582365,0.0,0.0,162084.92584202098,1,335,Tier 3
0x467eb0d68c716af13f45c1a91e509bf428b90d79,15.777821810660544,0.0,0.0,430949.1884245172,2,227,Tier 4
0x0df1a69fcdf15fec04e37aa5eca4268927b111e7,15.765664096497806,0.0,0.0,699.5073771690268,4,12,Tier 4
0xc8b33552776d1ed258494b7717c81f74a8346db7,15.738637713180037,0.0,0.0,197163.04751966815,1,334,Tier 3
0x39432039ddbd6fc67668386c897e54c1c5554ce4,15.718395819666556,0.0,0.0,1.6460852275,4,11,Tier 4
0x013022c7ca735ef6ba55cd3eaccb4ebb3be484e9,15.705172508267925,0.0,0.0,2441935.140586647,1,331,Tier 3
0x0cf54ec97dbcabf6fd7e4bb8277c2682d07a7917,15.683682898309378,0.0,0.0,37053.35143013206,1,333,Tier 3
0x98fa532dd5c3a6b66fbf370813803192de4e0abd,15.64589684401256,0.0,0.0,233008.19444080256,1,332,Tier 3
0x160db3dfec256968ea0c5279398a7a505b7398d2,15.634704768017006,0.0,0.0,894.6785121104665,1,332,Tier 3
0xf4d18f4da9fba6a54b084ce5dfb0369d053a96ae,15.587427156914762,0.0,0.0,3.232896865769518,1,331,Tier 3
0x4444ee1efbcfc7716754d4df119a1dbbe29934b3,15.531412085932574,0.0,0.0,1020145.2904777019,4,6,Tier 4
0xe9177c26ba473b091409c46f8482560bfb2b4359,15.52868565645214,0.0,0.0,162107.9433717153,2,222,Tier 4
0x9bf62c518ffe86bd43d57c7026aa1a4fbea83b15,15.398522224940109,0.0,0.0,699.5921255504104,1,327,Tier 3
0x366cc00cb7a81fa18a801ea31f341eee91313693,15.388169118418743,0.0,0.0,8622.673491337593,4,4,Tier 4
0x7fb3a7f9c6ac72c0978a9e8fe06ea85b53c5941b,15.379170488222481,0.0,0.0,108.94055596528548,2,219,Tier 4
0x77fc6e36d82010b2263b76959720e9ee2c947467,15.34891960362723,0.0,0.0,4270749.873347,2,214,Tier 4
0x3300eebeea8239b90a435e403b130a853a0d7dff,15.34488860156989,0.0,0.0,2049834.089836754,4,1,Tier 4
0xd55d6ef8ef2f74f82f31e020240e7f49d21c8f07,15.340537957619349,0.0,0.0,398.9274794095534,4,3,Tier 4
0x24e045efaaaa10f72fa6104792ba8b5c2a9209ff,15.340518731449299,0.0,0.0,0.19413188364,4,3,Tier 4
0x4e618a87fd859eeb0a720aca97d3bdebbf0ce212,15.32549983298347,0.0,0.0,1647728.5959223327,4,1,Tier 4
0xc2f61a6eeec48d686901d325cde9233b81c793f3,15.3238311024948,0.0,0.0,410880.132674,1,325,Tier 3
0xb23e32e08ee52d5176e3fe36150f369e1bf5e8a4,15.293284146102511,0.0,0.0,1.06370262,4,2,Tier 4
0x80870b156ff0a8508e22b879d4e157d1dfa028ab,15.287275536245334,0.0,0.0,2413451.2271096506,3,107,Tier 4
0x1fb0f5157e0f9f375c3cb14c1ae4f7f0892f38b9,15.25881152453829,0.0,0.0,42036.36903756,1,324,Tier 3
0xf35bf057bcd469ed2e80b54ed2ecddc385e7e630,15.258153649219786,0.0,0.0,251029.76149940304,4,1,Tier 4
0x252dc8969bd5615014b4937ca8312e2abb9449b3,15.249083039872922,0.0,0.0,62913.541778229344,4,1,Tier 4
0xc5e2084cb5eefa9819a8c90297b768461ac31d00,15.24660893456011,0.0,0.0,11602.839173748065,4,1,Tier 4
0x991b9d51e5526d497a576df82eaa4bea51ead16e,15.24605440154208,0.0,0.0,102.3267966,4,1,Tier 4
0xe353e22ccbc7b209b511f6b46fa685734a86768c,15.246052929179687,0.0,0.0,71.79133454182434,4,1,Tier 4
0x450c4ccf897c23136c230d33a1d42c2037815ccc,15.246051982505815,0.0,0.0,52.15817611299649,4,1,Tier 4
0x6d29eb3fe1229dcccafe51a085234a0c76ef6c8e,15.246051645334774,0.0,0.0,45.165554208321566,4,1,Tier 4
0x7a0dff2a955b72159650300a9acef97146dd12e6,15.246049759655762,0.0,0.0,6.05827995,4,1,Tier 4
0x97cd05ee9f47c6aba029c5ed4fbce8ce817586e3,15.246049623770269,0.0,0.0,3.240137956016,4,1,Tier 4
0x540e17ccb9a4b9ab23cd9eea1f129b1343bbe89e,15.246049620107993,0.0,0.0,3.164185678,4,1,Tier 4
0x0e8a9d56ced084a70926a7b5c1c48eacc441e138,15.246049605807677,0.0,0.0,2.8676100585000004,4,1,Tier 4
0x98b71f1c4469dcb5d4519ca1ea253c5220b48c11,15.246049576361779,0.0,0.0,2.2569288100000002,4,1,Tier 4
0x29eb182b934780bb25c4656268df4c919225e707,15.246049556507336,0.0,0.0,1.84516564,4,1,Tier 4
0x069d1231b88cee621497af6fbdd60c58a0f14034,15.246049520335559,0.0,0.0,1.0949957213766,4,1,Tier 4
0x9529746295eaffc60937636e32f234f06bd16af3,15.246049517195653,0.0,0.0,1.02987699,4,1,Tier 4
0xf1e25b3486b90b46cf0a828ea1c068a951c2c930,15.246049508111264,0.0,0.0,0.84147496986,4,1,Tier 4
0x000872be5ec7dc8197ef6618ef507d9a449cac1a,15.246049503359771,0.0,0.0,0.7429332740000001,4,1,Tier 4
0x37f5e5aabc23e9891c33bf128d6d2e0557225997,15.246049502237954,0.0,0.0,0.71966784364962,4,1,Tier 4
0x480c409504f2f7f28592cb5a2bf40e663311780f,15.246049500733871,0.0,0.0,0.6884745477304338,4,1,Tier 4
0x7d18dead22021a2cf61632de22c2c1ea48565e88,15.246049488228403,0.0,0.0,0.42912242100000003,4,1,Tier 4
0x2caf293d8edc0891b0410d46216aef2009355a8b,15.246049474368096,0.0,0.0,0.14167221535,4,1,Tier 4
0x892cd5104290eb0747c9e206baffd74eebd9db26,15.246049469413887,0.0,0.0,0.038926446,4,1,Tier 4
0x239b2b6ef7262f3e4a265d8903dd83a6e66cef2d,15.237462897255401,0.0,0.0,32.01636262970764,2,216,Tier 4
0x9735466681199cf2346e8011ec7e70d8810d5d4c,15.21816702122438,0.0,0.0,599.8648224153984,3,108,Tier 4
0x5c17f04d95a593bbd8b1e553f40cb3ca5655dd22,15.198459512822707,0.0,0.0,749597.074632026,1,322,Tier 3
0x823023165b20ab2a07f4995d36076fcd6b1d73d4,15.16419712193285,0.0,0.0,39026.1299096,1,322,Tier 3
0x113ee41d97416d0afb2915e9c4ed6d4a4e9c299b,15.155897793156267,0.0,0.0,267652.4053599115,2,214,Tier 4
0x4942cc3d284994528be1700999fe1c1e34fb5f5b,15.130326819456599,0.0,0.0,716936.9528758611,2,213,Tier 4
0xb203499bb1690995ca08dca7551e356ba35d7f47,15.09575756964065,0.0,0.0,2.0320460000000002,2,213,Tier 4
0x1b49ec2ff08f87a8108db86e32e26dd465db2db3,15.031621722815272,0.0,0.0,228342.59074744128,1,319,Tier 3
0x25970d5776951b8cd9ea84c841660cfa31ff76f1,14.910472550464773,0.0,0.0,75772.10301623732,2,209,Tier 4
0xd1f2c10b65a8a19bd1264487cf005c1f6e68b1fb,14.894074755251957,0.0,0.0,314553.2263496862,1,316,Tier 3
0xe9add1f870cec2508cb4540617b8ddca9e8629f9,14.821325194628795,0.0,0.0,765000.0,1,314,Tier 3
0xa36d492628743431c7d6cd33f4633d0fb9ff48f3,14.812836201188546,0.0,0.0,10089.427873470666,2,207,Tier 4
0x22b32585ce86c57f5d9487f07e3cae08b65c9548,14.796510014233375,0.0,0.0,72245.93717546215,3,99,Tier 4
0xbb16307aaed1e070b3c4465d4fda5e518bdc2433,14.723514344816236,0.0,0.0,695698.3418343093,1,312,Tier 3
0x99e9891ceb85b9eebe2e29a2b525d3b13a5b390c,14.718445060745792,0.0,0.0,1570169.3573662958,1,311,Tier 3
0xa5350d959948630588ca97cf7d261702d2670a2c,14.700796692678272,0.0,0.0,224554.8190883,1,312,Tier 3
0xeadf9078361564a41907ba5d177e465d111b2d2d,14.690145609149742,0.0,0.0,3660.996777,1,312,Tier 3
0xa6942ad3038367ee1e2f2ebaa3e765449cd3b576,14.66177781470347,0.0,0.0,216832.311561,3,96,Tier 4
0x06b5e9a1ffbd51210f0834facfc4e8de18820e7b,14.602973303328776,0.0,0.0,2514946.68580885,2,200,Tier 4
0xa45420a6f2bb98406b6c6a5cc1670b7c92407e2b,14.585677606599349,0.0,0.0,1176646.2315563848,2,201,Tier 4
0xd0dc4cc10fcf3fee2bf5310c0e4e097b60f097d3,14.548332240665493,0.0,0.0,1390.34271399,1,309,Tier 3
0x91e0d146484f691df906a92944b0090d403ae434,14.51218621583181,0.0,0.0,632104.7458317799,2,200,Tier 4
0xdbbc2b54f659a06d5d659f508d24fc43837bf9e8,14.481733978281294,0.0,0.0,552.9293009,2,200,Tier 4
0x769952be34f5f9b267e5a467149219e646968bd7,14.440630815290897,0.0,0.0,55965106.278,2,142,Tier 4
0xb34117d6ee5e2396c6417bcd9def9c30fdef0040,14.43508574277302,0.0,0.0,12714.163279141914,2,199,Tier 4
0xa549b37a25e3e34a5e85273aec2c6b7545fc0dd9,14.434945480473846,0.0,0.0,9805.25027439,2,199,Tier 4
0xb998f0880d7b72e4f2346782cff7aac9582e6759,14.406064825605092,0.0,0.0,390450.00897331565,2,198,Tier 4
0x5fb0a30278c1b6ee4681a48f2a23bd84c2762835,14.368563376762816,0.0,0.0,13450.771899281557,3,90,Tier 4
0x9901bac880caecad999e292811db9c1db3e86f8a,14.368135624448247,0.0,0.0,4579.576446279645,3,90,Tier 4
0xa86322a72bd98c269e0d72dc79594a25e3461b0b,14.367916088603494,0.0,0.0,26.601929469999998,3,90,Tier 4
0x9fe4830a569dfc82403f20463e06727b79081c22,14.341240024347258,0.0,0.0,25645.73759630586,2,197,Tier 4
0xbd2b85fc052557c58c102254e11d012cfb4a6f45,14.325237541188107,0.0,0.0,272625.2747630514,1,304,Tier 3
0xca411f8a30fdac0850d2a2da86c4ac1783630932,14.306817091524579,0.0,0.0,1849808.586579,1,302,Tier 3
0xb5e69cbf92e3ff6c11e2cc4a33c26573702ab98b,14.2734718781203,0.0,0.0,545.9932200000001,3,88,Tier 4
0x0aff497bd016000185b1c8302fa98a88ff4a4178,14.219399820648462,0.0,0.0,437600.42514231004,2,194,Tier 4
0x2baba0cba8241fda56871589835e0b05ec64ca41,14.211127107125012,0.0,0.0,30232989.61,1,271,Tier 3
0x30bea347d454965700d3a04277c632aad53f5c54,14.20262662187495,0.0,0.0,2627802.76733288,1,299,Tier 3
0xee7c3ebb7b7f9714c7f32b9f5b13849d45cdf846,14.123156377493432,0.0,0.0,58.526018,1,300,Tier 3
0x7e3c5b62a7faf6f5c4fe49eed72acca25edcf2e4,14.01268487073352,0.0,0.0,469679.9834188622,3,82,Tier 4
0x2a322e5bad802adc66bc1f526df7e9637efa7e64,13.975742633948121,0.0,0.0,5759261.4129785,1,291,Tier 3
0xb4fdb19180ba5890ad589f23957849c51140a842,13.88961983890027,0.0,0.0,2013945.923880815,1,293,Tier 3
0x0953e937287a4935b5691123561a90abfaf370c3,13.880225203839036,0.0,0.0,1641000.0,3,78,Tier 4
0xe4d318e9f8247bfac325b6ac540e451abf23122e,13.816604718689089,0.0,0.0,1880028.69292306,2,184,Tier 4
0x05908a050c81f51c35a108ce5a3edf52a92846de,13.714478680858411,0.0,0.0,340883.735669,1,291,Tier 3
0x7a21950764c04c89e19057456e57a9777f5bd536,13.618154161952514,0.0,0.0,302407.23386532173,1,289,Tier 3
0x9cd97f50c7669930a0e66a8991bddece916c16aa,13.603581172753618,0.0,0.0,176.64126666666667,1,289,Tier 3
0xc5063a157362676a666a06006ae836057724651b,13.564926191235918,0.0,0.0,1.0165629989,3,73,Tier 4
0xe7185c0af1de82208fec32b0f9e542f155d971dc,13.515123823854777,0.0,0.0,124858.117614,1,287,Tier 3
0x4f2083f5fbede34c2714affb3105539775f7fe64,13.30355671320457,0.0,0.0,12791152.12417844,2,162,Tier 4
0x360b0e99d7a201147da59da963e64a7e9d58250b,13.113268808698578,0.0,0.0,28323.020311095705,2,171,Tier 4
0x980daa37ccf7a7669134c90a99b6b2d1be9f5d6b,13.011612056453187,0.0,0.0,20050184.855335,1,256,Tier 3
0xce4963570782dc0bc9bdbad684bb1d89e07dc96b,12.829477722767649,0.0,0.0,20373.2636072676,2,165,Tier 4
0xe7f8f5c3e25fb9e370986b147e8b187177e32117,12.829150563129613,0.0,0.0,13588.26912684239,2,165,Tier 4
0x12949651a3a7cf952a06fc7f97e13e40f377db9c,12.790412056833247,0.0,0.0,11945030.612107,2,152,Tier 4
0x405f20ecfedbc3520ac9a2e38f24196f95aaddc8,12.790071095699687,0.0,0.0,583465.730549611,3,56,Tier 4
0x191d15a4d69f03c2ef98842de54f6367866491ea,12.767160408273742,0.0,0.0,5184445.4067,1,266,Tier 3
0x635a2fce4cdf55832ee49ee2a4b8cb753efad8a1,12.734108386744456,0.0,0.0,1706.38937828,2,163,Tier 4
0xd87666833ba1b370ac77f609696267ea8f30a727,12.722645758347289,0.0,0.0,10138872.144038,1,260,Tier 3
0xa7c81f7a0fcf186508ca1ba37dec1aa51a8b53d1,12.717652781306175,0.0,0.0,61178.87659603238,3,55,Tier 4
0x35b13f07be1c77807c575bed39f10413cbd585ab,12.716879816606061,0.0,0.0,223257.993452,1,270,Tier 3
0xf24308cf7275b65a36d24b11966894a0f7c92e1e,12.620473853770573,0.0,0.0,4982.7139216510495,3,53,Tier 4
0x07d27dad9d798cf61bff5904f957d851c0b82331,12.618214958791338,0.0,0.0,136244.9830678237,1,268,Tier 3
0xe5350e927b904fdb4d2af55c566e269bb3df1941,12.55232047741888,0.0,0.0,1530353.5594296493,3,50,Tier 4
0x88aaff86fc80604ae5ba2afd07432911534c1de1,12.54508886141722,0.0,0.0,26.1862980216,2,159,Tier 4
0x49654d0584e777e3f8de4f932e2d6432e39c1cf5,12.534085594596364,0.0,0.0,172575.2365257939,3,51,Tier 4
0x3092a4bc9683825bc07ddfd0853fe38162172440,12.489235593179867,0.0,0.0,1379743.295044,1,264,Tier 3
0xba28bb87656161fa5f6956830f763d9c7e8fe6a3,12.425140141104299,0.0,0.0,50461.69061209125,1,264,Tier 3
0xdde0adb3b2c5320ff3e6e88efb654e6d7b6aeb01,12.413220212212476,0.0,0.0,204000.0,2,156,Tier 4
0x31eee1dabfa10d57bf0c691d82bf8400d51ebe2c,12.412396179291047,0.0,0.0,186910.30379797763,2,156,Tier 4
0xd78f252577fa919620d4d3df8c78608f6f787373,12.37264298216865,0.0,0.0,342068.3868723695,2,155,Tier 4
0x97c81a20579cd31ef175c2d5aabc2d361e76c636,12.337027251457858,0.0,0.0,4177.2353513,3,47,Tier 4
0xcd35307501ffa76afd70c839227295b35bf14fd3,12.33526178059666,0.0,0.0,13281263.3743859,2,141,Tier 4
0xc06d0ed3a2625a632426683c9b46b17e1cd9c7b2,12.309209218990972,0.0,0.0,6112.984972585626,2,154,Tier 4
0xe2e5dd78b1537fe1b3634c8ac0046401f65b23d5,12.294845894053367,0.0,0.0,108977.47413120663,3,46,Tier 4
0x9e11cb13761fcef617c7bdbe0fb74bc6ba78261e,12.286330571856652,0.0,0.0,2470440.694742,2,151,Tier 4
0x396f0e55fa33513441d556f84a6ea5c6fd7d217b,12.215260135668768,0.0,0.0,16900.864988,2,152,Tier 4
0xe5257cf3bd0efd397227981fe7bbd55c7582f526,12.207629584859045,0.0,0.0,5335523.565422,1,254,Tier 3
0x026f0594d844c4eae9a3de5451a0355297f84fa8,12.191358059485214,0.0,0.0,100050.0,1,259,Tier 3
0x145b93f975faf40e632322c78953f339b8da9f71,12.149286958049911,0.0,0.0,207136.847687,1,258,Tier 3
0xa60c4b2a264ee22ca5dafcc291d4740b9991c91f,12.10069718034431,0.0,0.0,922.5511475766505,3,42,Tier 4
0xb03659987e508a9fbb90537b9665310e091c0366,12.092073806361741,0.0,0.0,191.29209542358484,1,257,Tier 3
0x7a955509f37bbe9c65dfba0d37d2212208241992,12.02885190456191,0.0,0.0,1449726.7473890113,3,39,Tier 4
0xfb50928e5e618a3dfae92e7c7e7818a5f80c4bc2,11.970757764001844,0.0,0.0,823763.4458482388,2,146,Tier 4
0xfeeca8db8b5f4efdb16ba43d3d06ad2f568a52e3,11.955039145987756,0.0,0.0,97026.714645,1,254,Tier 3
0x84294fdae2095f6f908c70df8d7e3d93e06d6d50,11.952205570300313,0.0,0.0,38260.922157219764,1,254,Tier 3
0x6c6f01e5c0edae0bef723211e11de919e68a954a,11.930365136845534,0.0,0.0,386803.79000000004,3,38,Tier 4
0x038b32771ed984d0f166df57fd02d9c89d438050,11.924824273927404,0.0,0.0,271891.3131979647,3,38,Tier 4
0x571da526384e407a72c5229163e2824be56044fc,11.922989609553035,0.0,0.0,233842.03631197131,3,38,Tier 4
0xf06ab383528f51da67e2b2407327731770156ed6,11.891333279278559,0.0,0.0,141219060.86499253,2,1,Tier 4
0x018097085ca9106e38c5647ca543a4cfc397068a,11.883802834611352,0.0,0.0,0.3672881472,2,145,Tier 4
0xa38aa9ae8953f245b44e84b6f25e0032e58b1f42,11.860821215330542,0.0,0.0,49082407.659104,1,202,Tier 4
0xa5108bdc3a03ca8a1079197d48b5259c011fd358,11.837005980550803,0.0,0.0,9079.387143276994,2,144,Tier 4
0x74ddc68d6e8b78fbeb8fbee720fdc65f6d9d86bb,11.770583656809935,0.0,0.0,190000.486206,1,250,Tier 3
0x78604683bc50b0975b4d304ba1f4546bc8c15429,11.745877581137181,0.0,0.0,5955985.941584,2,136,Tier 4
0xa3ba242f405fc8e93a00d50af162f723d7328631,11.728794977148263,0.0,0.0,703691.3405366321,2,141,Tier 4
0x1136b25047e142fa3018184793aec68fbb173ce4,11.722829655548026,0.0,0.0,1119.4358805174948,3,34,Tier 4
0x2d29da8a41acea411189ae98ed73c9503e0dd4c2,11.694913100172108,0.0,0.0,1011.909632106638,2,141,Tier 4
0x51192a636b2aca649c28f03696222cfb41fef9c3,11.680281952328384,0.0,0.0,98321.99437,3,33,Tier 4
0xe14dc1c13027b41c9f256bdf5524f5fa08cc3bb5,11.667861693353574,0.0,0.0,3358403.7384368996,2,137,Tier 4
0xc47795a89a34723172b267f7faf01113aca7119d,11.613257476983568,0.0,0.0,266755.0147269531,2,139,Tier 4
0x7f75530fcec9ac3bc2175173d06be94e5b27f2ac,11.587008231061278,0.0,0.0,123116.27151819225,3,31,Tier 4
0x6c0cf880cb20eefabfb09341fba9e2bd29ad3dfa,11.559484442384974,0.0,0.0,1110757.7450579756,2,137,Tier 4
0xdccbb1d3e005b116d3049aa982279a9d652691a9,11.55899958268345,0.0,0.0,121098.819848,2,138,Tier 4
0x3a5385d8eb0d05b006edff978ba4b95c51f70b5c,11.55129059908722,0.0,0.0,10736858.601748,2,127,Tier 4
0xcec0fc02254026466b30fadf727b632bb5b17f6d,11.510418445063133,0.0,0.0,93173.415266,2,137,Tier 4
0x32a59b87352e980dd6ab1baf462696d28e63525d,11.507344922157998,0.0,0.0,29431.334879699334,2,137,Tier 4
0x4e0376b875888cbe22face749873c16f2c9331be,11.458795489658286,0.0,0.0,2163.46577365,2,136,Tier 4
0x3a36b94689f303aaf9bfe761068efb8f78912023,11.450386790224874,0.0,0.0,1786981.406539001,2,134,Tier 4
0xfa5fd80203050beae073389d68c326e01f5109e0,11.43184510514942,0.0,0.0,22093.44794,1,243,Tier 4
0x3ab0818ba16175d5a41a4076de227c8a55ad6038,11.399691505021181,0.0,0.0,735607.122241131,2,134,Tier 4
0xb248adff7438c3ef405181eeec9b334de31f6244,11.392868406750264,0.0,0.0,15245.706596,3,27,Tier 4
0x9f2991df735bb005a00c501496e022f2811b1136,11.392160048496319,0.0,0.0,554.9981943572877,3,27,Tier 4
0x52feb9bf6f37bbd01309515feec062632f5ccb2b,11.336978380543881,0.0,0.0,13850.279138279593,1,241,Tier 4
0x7c4b78c84d07e289b397e3a348cd90a6828eeb9e,11.278367417911698,0.0,0.0,1559012.4351762973,3,23,Tier 4
0x1310bda0cded1bbe606664d547c6dc6578088910,11.222583354593878,0.0,0.0,1354.668377,2,131,Tier 4
0x8204193f0899daeea09c427a674bbd084f6c473b,11.206219111549215,0.0,0.0,62721.92886245546,3,23,Tier 4
0x6fb447ae94f5180254d436a693907a1f57696900,11.203194926641544,0.0,0.0,3.0738424679411676,3,23,Tier 4
0xc1bd49fcdf54aeb8e9c71f2811787f1298926b16,11.176363649781996,0.0,0.0,22403.240741926624,2,130,Tier 4
0xcca6fdb3386617ac21f83666ce793accefc426af,11.111054924333935,0.0,0.0,48309.65504111999,3,21,Tier 4
0xa9bed40a14204557ff41f5ca394aa1fd588f460a,11.061901139718627,0.0,0.0,186617.7750279631,1,235,Tier 4
0x070a748773db671ccb580419d80ebf6dc8d54243,11.014256269939242,0.0,0.0,0.0127749664,3,19,Tier 4
0x024c7cb048bb1e635319fa63e44585414c1ea635,10.9943807662412,0.0,0.0,2125863.3615739997,2,124,Tier 4
0xe66cb907e22acf272201005c84ce3173207e58ad,10.97647687962014,0.0,0.0,774949.6,2,125,Tier 4
0xd16b6b7b880669efabc9c55014fa7198d06acaf1,10.957379701298555,0.0,0.0,2738845.0075134733,3,15,Tier 4
0x185ce8f4afdb112ad99b26891d6824cbae5b7fea,10.94346019735047,0.0,0.0,1069816.897718,2,124,Tier 4
0x3c8c2a111eb1e47d55acb6d5d2b96d5936210e04,10.919787034663475,0.0,0.0,0.4125404078386145,3,17,Tier 4
0x1b86b6d9339db5e673b01c95c23416c2deaa78e2,10.89228636615469,0.0,0.0,8518.00311539554,2,124,Tier 4
0x796d37daf7cdc455e023be793d0daa6240707069,10.891305368746252,0.0,0.0,7825000.0,2,116,Tier 4
0xbb2dce93b2e1be9669c0eeeaf75238e4af927eed,10.867918345584469,0.0,0.0,883497.5435769061,3,15,Tier 4
0x99d7c022327f4ad2618a23b86744b31ac81fce95,10.859656044448217,0.0,0.0,67503284.060063,1,162,Tier 4
0x7847b529aa216d24075205866dca1f650017b881,10.830415001368769,0.0,0.0,684568.7025919105,2,122,Tier 4
0x59bfec0ff6d112ce650caf56ccd8bb013dfd7721,10.83014192622103,0.0,0.0,278158.5365011715,1,230,Tier 4
0x05420ff3c26c463c4e253bb8d0b92d24a467b4b1,10.827779155700455,0.0,0.0,51047.112199750205,3,15,Tier 4
0x252550932329db071796f7e5606341601a345938,10.825362466467013,0.0,0.0,927.1670613921723,3,15,Tier 4
0xe7a28dae67363f8bc8a1e8b61254fefef2735f60,10.825317777578931,0.0,0.0,0.36001152000000003,3,15,Tier 4
0xaae297fce044c9da0fec8cabaa75c7a40c11d3f3,10.8067481272661,0.0,0.0,21745013.41073,2,100,Tier 4
0xff1882511a5673194b252c35f2530562f74f47e4,10.778083158401213,0.0,0.0,0.52795941,3,14,Tier 4
0xf727532db569d9001d3a4f39b5bb4e326382580e,10.743609028200375,0.0,0.0,2401958.129059,1,226,Tier 4
0x512d2c196629119638ba72a1a80d6123fa024d2a,10.731151416451628,0.0,0.0,6282.095206686023,3,13,Tier 4
0x530baf3e924b3c487d266f1d15e16422f734b8b5,10.687647371086625,0.0,0.0,6139380.934232,1,221,Tier 4
0xc83972ea63c6caaf681b240edf96f616651b8252,10.68069118259564,0.0,0.0,117495.641608,1,227,Tier 4
0xed1971384b0b8303bf4aed27a9a8da6e1595b956,10.675244134622714,0.0,0.0,4528.8017715319,1,227,Tier 4
0xc9f7e533c0b6008f159b3f0fa8e9042212e095de,10.650780539454324,0.0,0.0,1278273.046596813,3,10,Tier 4
0x4b98a0b62357f42e6aef96375df7e628b1f6798b,10.627791263397759,0.0,0.0,2.62,1,226,Tier 4
0x21c685d09c0b19884417db0a67b93a54f6c9f0e8,10.608469489089426,0.0,0.0,33.36165263378874,2,118,Tier 4
0x4394f5d0c4009689c911e56d3f65375f10bbb981,10.560801059182165,0.0,0.0,391783.523047622,3,9,Tier 4
0xc06486d3dd5bdb44cef965e75055daa6465e93e8,10.541910034680816,0.0,0.0,0.79049258,3,9,Tier 4
0xa5b662f5cc0bf744626aff5f260e541f94265c35,10.526174218342362,0.0,0.0,10048544.498833952,2,106,Tier 4
0xafc35cabe575da4c18546ae8efc40c534d4057a3,10.514419029339845,0.0,0.0,8718.786413015347,2,116,Tier 4
0x19d50766c78a75f80bf2bd33b51e9baa26882a6f,10.494675387546256,0.0,0.0,0.378640927,3,8,Tier 4
0x7e46634f3ced337230a1b067690a577383fa86bc,10.386517215110846,0.0,0.0,7152184.783532,2,106,Tier 4
0x5124d8a8b61e2d1be7bc94b615664bb4ef2e070b,10.372348313447675,0.0,0.0,1110.980271,2,113,Tier 4
0x9578d16450315ecea46a0852f2ad1b2f84701144,10.370789138656237,0.0,0.0,369521.9426742088,3,5,Tier 4
0xda615e1bdef00a3111d2064b3906d4b329cf87f9,10.36509288502617,0.0,0.0,429496.50771000003,1,220,Tier 4
0x17186f2c0c661c8e78128715808cf30adf13776e,10.35299825518073,0.0,0.0,555.1382478273733,3,5,Tier 4
0x444e271c481fd5cfd37373327a928b3a58b3a676,10.306116926712793,0.0,0.0,7882.235429,3,4,Tier 4
0xb60ce41118511503ab71e5360c04de192b05a230,10.287841628392655,0.0,0.0,4126139.142535,2,107,Tier 4
0xc6c2414d4ab18668704340f25f2227f08142d69c,10.265060637318877,0.0,0.0,136015.36541670794,3,3,Tier 4
0x741da41e8f2493fb3b659fd776ff8cec24cd5b95,10.25940261464118,0.0,0.0,18673.10135011058,3,3,Tier 4
0xf0b9bae1c7e8e931d681f1b32f29fabdcc67c711,10.25858758911697,0.0,0.0,1770.2104055275888,3,3,Tier 4
0x22365fe318680d236d1dbb70f32586cff6449f9c,10.257185736575734,0.0,0.0,1130410.137512,1,217,Tier 4
0x27cdcb15c9c47d173bee093fa3bddadf8f00a520,10.24991835115198,0.0,0.0,87.7739114848,1,218,Tier 4
0xaa54951025f005c313440e742a9ff07ecaa99ff8,10.246987775105826,0.0,0.0,2299263.865389336,2,108,Tier 4
0x68b2f2ab6a244dd52bd978b2a77c9f4d6b13cd15,10.243875035303846,0.0,0.0,1655851.9227394892,3,1,Tier 4
0xba14d1386d75f6305f78e75355f8a49069bbf755,10.211268604468103,0.0,0.0,20.71491845,3,2,Tier 4
0x95e301c5aa86f1c9c5c8a04fccff916de7cb6ea3,10.211267781210276,0.0,0.0,3.641297,3,2,Tier 4
0xf62bdafc4cb3808346c5854c0fd129f2a22c02e0,10.211267606251697,0.0,0.0,0.012814610899999999,3,2,Tier 4
0x12cfc607505804e4f88eb169bdb0a46b251c09c9,10.198063168312336,0.0,0.0,305008.4727612224,2,109,Tier 4
0x5364fae66b0d11ba9df72f0a6b740e14865e1c9b,10.19142239988916,0.0,0.0,568031.7872559803,3,1,Tier 4
0xbab7306c337e7efa467622ebc5c28322dcc7a9d1,10.180087218735302,0.0,0.0,332950.4,3,1,Tier 4
0x3b93e1b9ca252143845ddb08927b83db65f90e26,10.17278974461875,0.0,0.0,181607.39846356199,3,1,Tier 4
0x64634403043b1ab21e57bd1f13451ae004a7ac3a,10.171263558641622,0.0,0.0,149955.6840494632,3,1,Tier 4
0x883842e80391fe375624b45728910609fb4d82c5,10.167900598404927,0.0,0.0,80210.935642,3,1,Tier 4
0x7721dc2b2b240a4a0f423488b364a57a11fc2271,10.165774438742096,0.0,0.0,36116.310573197195,3,1,Tier 4
0x9c34e6c93db126e66e25c1d9adec3d47bbac1665,10.164538114981685,0.0,0.0,10476.07591347723,3,1,Tier 4
0xff789ab6730c22da1e095645836cb70eaf5cfc51,10.164265915897246,0.0,0.0,4830.913519423418,3,1,Tier 4
0xe79179a9fdb20158eb10195f8d9c4e8b9e9f45ce,10.16421067883062,0.0,0.0,3685.34680337877,3,1,Tier 4
0xa219df30f6a79029a53f51a2b275ec96881f3506,10.164198663953156,0.0,0.0,3436.1691304466103,3,1,Tier 4
0x30281e75f812c9afb0e701d1acddaa8999999999,10.164133939916557,0.0,0.0,2093.851252481938,3,1,Tier 4
0xbf14566a37d96d55485bd281f5e7c547883a54c8,10.164129414610263,0.0,0.0,2000.0005,3,1,Tier 4
0xb1a446ec634f6c81f2ddcf6cf2759963a1f4fd78,10.164094076917046,0.0,0.0,1267.1287592300937,3,1,Tier 4
0xb0ec73e2240c360fde3b3545d7e5cc625bed2334,10.164082719546455,0.0,0.0,1031.5871831754425,3,1,Tier 4
0x3415b334e6ba25d51ed5aaea3574e650a2b84c91,10.164052852809897,0.0,0.0,412.1781267449268,3,1,Tier 4
0xa4978c7d42668caa4074b6d73e98e23e8fb847ba,10.164052198693264,0.0,0.0,398.6123404341782,3,1,Tier 4
0xf1c0df7c69be737862a9876410fb05175fae3e11,10.16405027041518,0.0,0.0,358.6216,3,1,Tier 4
0x42621a88c3d569ba5d158153c628f12259b5b0b2,10.164048159437117,0.0,0.0,314.84182753809864,3,1,Tier 4
0xc8ae0cb3afb35e16ba6e40fd2bb882c9ee0e97a7,10.164045213594415,0.0,0.0,253.74771890000002,3,1,Tier 4
0x7214401d150aaae9617f4e2fd76c644811ef670a,10.164037073748162,0.0,0.0,84.9346824398,3,1,Tier 4
0x0c1ca62c4e5cd64a5ef1d18d958da129d07cee6e,10.164036674536867,0.0,0.0,76.65540188659095,3,1,Tier 4
0x8aa4505cb234cf82170e4c27e4e9b1022b5544fb,10.164036256570327,0.0,0.0,67.98715455396544,3,1,Tier 4
0x3d9afb6c110a4b4e5dac0a2e033af4e8f4b8da4c,10.164035068866344,0.0,0.0,43.35525,3,1,Tier 4
0x3e68fca5b47bf0510debb0fa95d51c54b032a1c8,10.16403377369978,0.0,0.0,16.494668925800507,3,1,Tier 4
0xbec1ef472b3f3c10aeb731ec00847af3df6cf7e0,10.16403375314204,0.0,0.0,16.06832,3,1,Tier 4
0x7785cdbfe2c2a70bd678640f6a3467d8832d1538,10.164033257155005,0.0,0.0,5.781998281,3,1,Tier 4
0xffcfa5f7b994aeb4c6931e0a6cd95d8984e038ce,10.16403323563103,0.0,0.0,5.3356105439592,3,1,Tier 4
0xc1ff3e6e2f1c5c0666dd171d72bda9d26b1d1f30,10.16403315143627,0.0,0.0,3.5894874860000003,3,1,Tier 4
0xee119ab8ca22f2b9b3e7f508739f3ae68c838a94,10.164033138958875,0.0,0.0,3.3307176050366483,3,1,Tier 4
0xe56d4397e492a5ce2867e30c5547f312c1c25f56,10.164033123007473,0.0,0.0,2.9999000000000002,3,1,Tier 4
0x6e89216b6d5c8fbed5cdb21b7838b801b9a9ca52,10.16403311936014,0.0,0.0,2.92425763,3,1,Tier 4
0x740c668829f9597a8422e913c8ddb97a047423bd,10.164033090475662,0.0,0.0,2.325219746,3,1,Tier 4
0xe76f1230c61160206306cb55e524d5843bad697a,10.164033088155174,0.0,0.0,2.2770949,3,1,Tier 4
0x0bc1593aa22d0e45ff3d5585a611455eae164e6b,10.164033078419722,0.0,0.0,2.07519045493,3,1,Tier 4
0x448511147892ae60966195a68b13aba4dc3d2f5e,10.16403306630201,0.0,0.0,1.8238801315574433,3,1,Tier 4
0xf100022d0812a8cee4382511f53691601c3ce91b,10.16403306225117,0.0,0.0,1.73986935,3,1,Tier 4
0x6637b4b8fc4102135340509e294beeebf4793fa7,10.16403305830055,0.0,0.0,1.65793706,3,1,Tier 4
0x7525f8868c8b2dab5557a18f9ba6acf711ad3b8c,10.164033052389494,0.0,0.0,1.5353471315567417,3,1,Tier 4
0x9cda4188918896c41dd7277fe3d969b7a79285da,10.16403304855452,0.0,0.0,1.4558132417690528,3,1,Tier 4
0xf232a4929942decde4ab59c779f6b4393e64359c,10.164033026222917,0.0,0.0,0.9926760035,3,1,Tier 4
0x305938c5c6abb6440f1402cc7488b56fed153c0e,10.16403302301837,0.0,0.0,0.9262166000000001,3,1,Tier 4
0x4e36e298808813a0a4b6ae3a97a945e62912327e,10.164033021007937,0.0,0.0,0.8845220151061151,3,1,Tier 4
0x0e48387efa5b6e12d97585c53a4324f01c989d5a,10.164033002313209,0.0,0.0,0.49681034507,3,1,Tier 4
0x91da5035719ff83b051a8c58395a21b1d3e14924,10.164033000927601,0.0,0.0,0.46807408,3,1,Tier 4
0x49f63b254ea9043e57678c13e06aef257fab45c1,10.164032994935992,0.0,0.0,0.34381354,3,1,Tier 4
0xb7587737c30004d146b86d9808ebea32209dff50,10.164032987987477,0.0,0.0,0.1997076407,3,1,Tier 4
0x8ae43d8a9086bc17d0b93c87c2b5bb313e8c2a78,10.164032987297604,0.0,0.0,0.185400305,3,1,Tier 4
0x8d8c82dbc693262f9e7748832df8fab11d29db49,10.164032986004804,0.0,0.0,0.158588764,3,1,Tier 4
0x524c78a7934e56216c4aa20ddc14340127308205,10.164032980992394,0.0,0.0,0.05463593,3,1,Tier 4
0x193506cff65057536f1498cce525f42e8e2a9130,10.16403298018851,0.0,0.0,0.037964142279999995,3,1,Tier 4
0x718409bf0573dec6b25b77f33457ecba32930849,10.16403297851258,0.0,0.0,0.0032068504390000002,3,1,Tier 4
0xf9aa490e4581a4029762a170e9b16959f846afcf,10.145862443541619,0.0,0.0,202016.11009,2,108,Tier 4
0xbc333f27eaa0c8c01b69e9e7e084931adfd9c0a9,10.14425085043998,0.0,0.0,168593.12929390327,2,108,Tier 4
0x8daac37d93c46cc997b1725c2d6bf699d4c41a01,10.13994776925828,0.0,0.0,1058954.4985451,2,107,Tier 4
0x6a736d2289deebacf3054b712ac76d6f08e54b7e,10.1144458949069,0.0,0.0,129321.89470995546,1,215,Tier 4
0x20e6a22a14ae89964ab72b57d5f5ad9b601387ea,10.098449159021621,0.0,0.0,198310.920713,2,107,Tier 4
0x03e558c1353a5c06c97c8dae5c3095e8760b52e2,10.058808286734196,0.0,0.0,8192625.5134310005,2,98,Tier 4
0xb62bd23d4ac28376a1e26e3c68d3ad2dcd382466,10.024918437704113,0.0,0.0,632557.129308,2,105,Tier 4
0x19865919027cb2628fdaf9c985a297cc95c63e35,10.014592118966322,0.0,0.0,17651.79957641743,1,213,Tier 4
0xd4d74b8d4b29433aa9311964353978bdb9055956,10.013778503520737,0.0,0.0,778.152385,1,213,Tier 4
0x7912675bff8c6216432a4ffcdd3b56ca8e55a100,9.968097612053738,0.0,0.0,33001.2253483968,1,212,Tier 4
0xbdc9df1f27e8095805b3fe41a1610e7df6fabea0,9.872326409337308,0.0,0.0,6000.0,1,210,Tier 4
0x724747c9d1e2c7c2d3fc4e47965dc5b4aa628108,9.861513651635896,0.0,0.0,8019327.031095,2,94,Tier 4
0x21a816bd9562277b12ddf37495bfb9fdaab098a9,9.854808236666598,0.0,0.0,43435.80552193289,2,102,Tier 4
0x784a161704ba3724d4aef0041f5ce23eda2bb60b,9.830583815168975,0.0,0.0,1500250.0,2,100,Tier 4
0xad718db9ba89e21c0f919cf2770bdc9a6871952f,9.827030043927943,0.0,0.0,46197.7950113,1,209,Tier 4
0xe2f7d13465c5077ffa5b40f676c5dff9424d37c9,9.799270400439559,0.0,0.0,450091.314083,1,208,Tier 4
0xf91d8ef97d5c7c08d7453d1852168fc36aa95da4,9.774053531840671,0.0,0.0,327863.1412094046,2,100,Tier 4
0x61c00b460b320935aae718c0ceb5d864c4864846,9.717934716855893,0.0,0.0,722469.676712,1,206,Tier 4
0x2536f1478384a53b553f35e68dc8808479791c2a,9.636484009239238,0.0,0.0,12859.17081879509,1,205,Tier 4
0x13939d994b1a27753de29adddb56d175e846608b,9.59242871528126,0.0,0.0,2038002.411882758,1,202,Tier 4
0x69353c7fe37875c0f83dc7170428ef8184a15914,9.588999432370526,0.0,0.0,7675.4427216,1,204,Tier 4
0x79e76c14b3bb6236dfc06d2d7ff219c8b070169c,9.576436267741752,0.0,0.0,1127477.0,2,95,Tier 4
0xa20ef8a9a21cb318f0d396ba0134698e472e38dd,9.572477456643178,0.0,0.0,644628.009631,1,203,Tier 4
0x8d5a603ee20b437a872f55f2380ffc907ad241cd,9.56324811747002,0.0,0.0,3392030.0,1,200,Tier 4
0xc01e119d19d10ab6b60b95b28c201b09cf95360b,9.497471151001427,0.0,0.0,3408225.519768,2,91,Tier 4
0xb3a970111f2ab96f826e34b79b7dfd037d5e541d,9.490444054532094,0.0,0.0,1882139.6964385323,1,200,Tier 4
0xa16ddc8bb94978df95360f7d491a634ebcb4b796,9.481096529207655,0.0,0.0,1109423.9508790001,2,93,Tier 4
0x6d478cb16317680a517ff89253f82032efdc31ba,9.477316852594099,0.0,0.0,51433.508076,2,94,Tier 4
0x34afdddde003bb2d5a45151cfa037a32ed804173,9.471813465745193,0.0,0.0,1896504.999579381,2,92,Tier 4
0x9a2642039e9b323e702eba1c2069a73fa602746d,9.457264567037855,0.0,0.0,2173630.5613034517,1,199,Tier 4
0x33357036c92deabd8eb81a175bbd78ed62e0bc8b,9.447586043333237,0.0,0.0,13700.0,1,201,Tier 4
0xb614c8050f37b941576936b718e51fe05610d333,9.399716202390971,0.0,0.0,526.2440734026862,1,200,Tier 4
0x762aae69bc99283a17d73a6ec9eddb08cc45ac59,9.3550295922423,0.0,0.0,53369.81074241678,1,199,Tier 4
0x3d3c2840aa02c43d4315ab1b48b40ad21e6cc077,9.351420426483182,0.0,0.0,379265.817804,2,91,Tier 4
0xbe79f6b55ea0cfa844631c4e63b1be1545194f83,9.333139689804353,0.0,0.0,139.901756502382,2,91,Tier 4
0x31a2366a4a7646afc48456afa32cd18f236ed4c9,9.309366592190004,0.0,0.0,85963.9354368,1,198,Tier 4
0x26bfa7dad1c7205a11254ae85ea2108fbb8be381,9.306285091832022,0.0,0.0,22056.409906149296,1,198,Tier 4
0xf6e5ad8bac4aa05260959799d76f6e6d6bd72f69,9.285910242151424,0.0,0.0,247.32244302070092,2,90,Tier 4
0x29cd80654f27cbffe15b4a78109f345268ae673f,9.257995803719403,0.0,0.0,183.699693,1,197,Tier 4
0x42a49dcf7902c6b7938a00cdbe62a112a2b539e8,9.249272360061294,0.0,0.0,58016613.29997362,2,30,Tier 4
0xa2dfaea03bf2140cab99e3de9f23f568c850b76a,9.244278497066409,0.0,0.0,7953273.017105,2,81,Tier 4
0xdc87397165b4f0f6d586f1bf60fa37494a362a6a,9.223173970384122,0.0,0.0,1237217.174101,1,195,Tier 4
0x919d1a5c82ef275d87819052379a6d01050ae210,9.192775255971705,0.0,0.0,1586378.7532531999,1,194,Tier 4
0x0141bddf8f0d54acfeed151b456ce5cdda975faf,9.115302462235384,0.0,0.0,14094857.277909,2,72,Tier 4
0xd7edfb104374e27e8c7a8d528f45be0035d71bb8,9.0730799906543,0.0,0.0,484357.605831,2,85,Tier 4
0x02e34047f56462228ee7ff4c071d3fb351de2505,9.049809980869751,0.0,0.0,1758.6859406571177,2,85,Tier 4
0xa29a7707afcbd65a5c5b7529e0a74c38272fbc34,9.04978062292047,0.0,0.0,1149.828671413893,2,85,Tier 4
0x8bc2b003e8172791ff8c0afc4915f9a5688a1173,9.046354775065865,0.0,0.0,508957.3874,1,192,Tier 4
0xd4f4d00ca9c817a33ab7594f2d751a7dbcc5efae,9.02211843007295,0.0,0.0,6317.550805007878,1,192,Tier 4
0xa34104f86d72bdcc11a70fe3a2ec14b9d95adf93,8.975507944267106,0.0,0.0,19261.679409648645,1,191,Tier 4
0xb663048e915eac8163f9a33050dbcdfcd533bd39,8.955313418303449,0.0,0.0,1192.3424593775828,2,83,Tier 4
0x6897625c2da7e985e9c22e0d7b27a960fc81d1d2,8.92470556542307,0.0,0.0,4264430.0764364805,2,78,Tier 4
0x862e840c2f7edd2c709d8de0df71c03210ed5267,8.9110361885459,0.0,0.0,62526.08753434944,2,82,Tier 4
0xb9073dc1c506b6c2ee8772349005306362df7dcc,8.841811608061318,0.0,0.0,586077.7555643762,2,80,Tier 4
0xeb2cafb6ea9def8084842558ad1242bbf7fcac2b,8.838198552027594,0.0,0.0,1090002.786272,1,187,Tier 4
0x0f8e3711c5be6f91fb86e54d148b0efffc82b0e0,8.810905463747872,0.0,0.0,4843129.195477031,2,75,Tier 4
0x1676055fe954ee6fc388f9096210e5ebe0a9070c,8.799231152534064,0.0,0.0,108038225.39803135,1,77,Tier 4
0xdb0950c877db658e17a8120e89b4f2ffc4dd6e05,8.786120422191662,0.0,0.0,9949.557183210698,1,187,Tier 4
0x023010bd0339f933fa4fcdd89fb53a4922b5ed63,8.722643489141282,0.0,0.0,2033052.4347575344,2,76,Tier 4
0xfbb4be21beac27db0694e4802629d34b7444ef59,8.694404554454755,0.0,0.0,67052.30510476,1,185,Tier 4
0x64b4e8a06d1fa3022ae1eccae99d3818f7789bfe,8.684324599167367,0.0,0.0,258750.0,2,77,Tier 4
0x6ffbc344188c05b840bdb1751de3e2c596813b1c,8.629333741361405,0.0,0.0,97892.80608780467,2,76,Tier 4
0x7122db0ebe4eb9b434a9f2ffe6760bc03bfbd0e0,8.54180454203542,0.0,0.0,1221426.637948,2,73,Tier 4
0xfaf5358a4ac02833dd82e1beb3347d81bdf596cc,8.526065617338428,0.0,0.0,14208716.004625,1,167,Tier 4
0x7533d5931e94ee40060b9a0434759ba046ae5e19,8.515535417107163,0.0,0.0,275881.952291,1,181,Tier 4
0x2de2fcd8506ba2df34cdc2a7b24cb39f10772c4e,8.508074354001035,0.0,0.0,100040690.44109148,1,79,Tier 4
0x56178a0d5f301baf6cf3e1cd53d9863437345bf9,8.504516182601394,0.0,0.0,13182943.712994419,2,60,Tier 4
0xe18a821ea1f1796a0797cea01a3f86ebeab0f9b6,8.480620534446034,0.0,0.0,932129.1286309999,2,72,Tier 4
0x49c58698d08123f4993525cb898b494881f04e22,8.45500162438713,0.0,0.0,69.3102582079031,1,180,Tier 4
0x3f3429d28438cc14133966820b8a9ea61cf1d4f0,8.436126345679336,0.0,0.0,46629575.09720316,1,132,Tier 4
0xbabe777e1a43053c273bd8a4e45d0cb6c20f8fc6,8.420840085685132,0.0,0.0,271193.32283,1,179,Tier 4
0xc4741e354a6eb520fc222b9f4c69ad07d6beaa23,8.407780980717755,0.0,0.0,359.31758708306944,1,179,Tier 4
0x06f522a84e0101545516b149ccc4e5561608da1d,8.406411939035126,0.0,0.0,372713.46840296965,2,71,Tier 4
0xeb312f4921aebbe99facacfe92f22b942cbd7599,8.357894499557867,0.0,0.0,346109.1055963361,2,70,Tier 4
